frequency_ry,frequency_cm-1,raman_legacy,raman_new,ir_legacy,ir_new
0.0002,21.94747206953807,18317.82119776754,18317.821197767757,872.2771998936922,872.2771998937026
0.00020867630700778644,22.89958709813872,18663.95809181839,18663.9580918183,888.759909134209,888.7599091342045
0.00021735261401557287,23.85170212673937,19138.286015826336,19138.28601582601,911.3469531345875,911.3469531345717
0.0002260289210233593,24.80381715534002,19767.56920598173,19767.569205981257,941.3128193324633,941.3128193324408
0.00023470522803114573,25.755932183940672,20571.930199494625,20571.930199494058,979.6157237854584,979.6157237854313
0.00024338153503893216,26.70804721254132,21562.537150552867,21562.53715055222,1026.7874833596602,1026.7874833596293
0.00025205784204671857,27.66016224114197,22737.700950519375,22737.70095051862,1082.7476643104465,1082.7476643104105
0.000260734149054505,28.61227726974262,24076.985932247113,24076.98593224635,1146.523139630815,1146.5231396307786
0.00026941045606229143,29.564392298343268,25533.789618294755,25533.789618293893,1215.8947437283214,1215.8947437282807
0.00027808676307007786,30.51650732694392,27028.191192153106,27028.191192152186,1287.056723435862,1287.0567234358184
0.0002867630700778643,31.46862235554457,28443.75774262902,28443.757742628084,1354.4646544109057,1354.4646544108612
0.0002954393770856507,32.42073738414522,29633.619265709713,29633.619265708807,1411.1247269385578,1411.1247269385146
0.00030411568409343716,33.37285241274587,30440.390993510213,30440.390993509336,1449.5424282623912,1449.5424282623494
0.0003127919911012236,34.32496744134652,30729.173509882523,30729.173509881773,1463.2939766610727,1463.2939766610368
0.00032146829810901,35.277082469947175,30423.749444843263,30423.749444842637,1448.7499735639649,1448.7499735639349
0.00033014460511679645,36.229197498547826,29529.6575259003,29529.657525899805,1406.1741679000143,1406.1741678999908
0.0003388209121245829,37.18131252714847,28131.789205318517,28131.789205318142,1339.609009777072,1339.6090097770543
0.0003474972191323693,38.13342755574912,26367.877325887086,26367.87732588681,1255.613205994623,1255.61320599461
0.00035617352614015574,39.085542584349774,24391.842210698087,24391.842210697905,1161.516295747528,1161.5162957475193
0.0003648498331479422,40.037657612950426,22342.788600778764,22342.788600778644,1063.9423143227984,1063.9423143227925
0.0003735261401557286,40.98977264155108,20327.887744456944,20327.887744456853,967.9946544979498,967.9946544979454
0.00038220244716351504,41.94188767015173,18418.610155668597,18418.610155668546,877.0766740794572,877.0766740794544
0.00039087875417130147,42.894002698752374,16655.312817802354,16655.312817802303,793.1101341810646,793.1101341810619
0.0003995550611790879,43.846117727353025,15055.065384554437,15055.0653845544,716.9078754549732,716.9078754549714
0.00040823136818687433,44.79823275595368,13619.415472900375,13619.415472900346,648.543593947637,648.5435939476354
0.0004169076751946607,45.75034778455432,12340.635846596686,12340.635846596651,587.6493260284135,587.649326028412
0.0004255839822024472,46.70246281315498,11206.168056460281,11206.168056460254,533.6270503076324,533.6270503076312
0.00043426028921023357,47.654577841755625,10201.514205825242,10201.514205825219,485.78639075358296,485.7863907535818
0.00044293659621802005,48.60669287035628,9311.977279021807,9311.977279021787,443.4274894772289,443.42748947722794
0.00045161290322580643,49.55880789895692,8523.620797912023,8523.620797912003,405.8867046624773,405.8867046624763
0.0004602892102335929,50.51092292755758,7823.732693097865,7823.732693097841,372.5586996713269,372.5586996713257
0.0004689655172413793,51.463037956158225,7200.9916758104355,7200.991675810416,342.90436551478274,342.9043655147817
0.0004776418242491658,52.41515298475888,6645.465634647522,6645.465634647504,316.4507445070249,316.450744507024
0.00048631813125695215,53.36726801335953,6148.522758927793,6148.522758927774,292.7867980441806,292.7867980441797
0.0004949944382647386,54.31938304196018,5702.703627618826,5702.703627618809,271.5573156008965,271.55731560089566
0.000503670745272525,55.271498070560824,5301.581853194771,5301.581853194754,252.4562787235605,252.45627872355973
0.0005123470522803115,56.22361309916148,4939.628175147836,4939.62817514782,235.22038929275408,235.22038929275328
0.0005210233592880979,57.17572812776213,4612.085329286412,4612.085329286395,219.62311091840053,219.62311091839976
0.0005296996662958844,58.127843156362786,4314.856652420294,4314.85665242028,205.4693644009664,205.46936440096567
0.0005383759733036707,59.07995818496343,4044.408966767979,4044.408966767964,192.59090317942758,192.59090317942682
0.0005470522803114572,60.03207321356408,3797.689035290452,3797.6890352904384,180.84233501383105,180.84233501383042
0.0005557285873192436,60.98418824216473,3572.05230111689,3572.052301116879,170.0977286246138,170.0977286246133
0.0005644048943270301,61.936303270765386,3365.202426082614,3365.2024260826015,160.24773457536256,160.247734575362
0.0005730812013348165,62.88841829936603,3175.140149297446,3175.1401492974373,151.19714996654506,151.1971499665446
0.000581757508342603,63.84053332796669,3000.1200938410216,3000.120093841011,142.86286161147723,142.86286161147672
0.0005904338153503893,64.79264835656733,2838.614299546228,2838.6142995462183,135.17210950220135,135.17210950220087
0.0005991101223581758,65.74476338516799,2689.2814201296205,2689.281420129612,128.0610200061724,128.061020006172
0.0006077864293659622,66.69687841376863,2550.9406768808153,2550.940676880807,121.47336556575311,121.47336556575272
0.0006164627363737486,67.64899344236927,2422.549800872769,2422.549800872762,115.35951432727472,115.35951432727437
0.000625139043381535,68.60110847096993,2303.1863183441305,2303.186318344123,109.67553896876811,109.67553896876774
0.0006338153503893214,69.55322349957058,2192.0316393635158,2192.031639363508,104.38245901731027,104.38245901730988
0.0006424916573971079,70.50533852817124,2088.3574992873055,2088.3574992872987,99.4455952041574,99.44559520415706
0.0006511679644048943,71.45745355677188,1991.5143776182176,1991.5143776182117,94.83401798181987,94.8340179818196
0.0006598442714126808,72.40956858537254,1900.9215815686794,1900.9215815686728,90.52007531279426,90.52007531279395
0.0006685205784204672,73.36168361397318,1816.0587337747202,1816.0587337747143,86.47898732260572,86.47898732260545
0.0006771968854282536,74.31379864257384,1736.4584468681326,1736.4584468681269,82.68849746991107,82.6884974699108
0.00068587319243604,75.26591367117449,1661.7000034669716,1661.7000034669668,79.12857159366533,79.12857159366509
0.0006945494994438265,76.21802869977513,1591.403889845591,1591.4038898455856,75.7811376116948,75.78113761169456
0.0007032258064516129,77.17014372837578,1525.2270561586372,1525.2270561586324,72.62985981707796,72.62985981707774
0.0007119021134593994,78.12225875697644,1462.8587965061145,1462.8587965061106,69.65994269076735,69.65994269076717
0.0007205784204671857,79.07437378557708,1404.0171590755976,1404.0171590755945,66.85795995598086,66.85795995598068
0.0007292547274749722,80.02648881417774,1348.44581069086,1348.445810690857,64.21170527099333,64.21170527099319
0.0007379310344827586,80.97860384277838,1295.911291834508,1295.9112918345043,61.71006151592894,61.71006151592877
0.0007466073414905451,81.93071887137904,1246.2006080068472,1246.2006080068436,59.342886095564154,59.34288609556398
0.0007552836484983315,82.88283389997969,1199.119111472194,1199.1191114721908,57.100910070104476,57.10091007010432
0.0007639599555061178,83.83494892858033,1154.4886343042149,1154.4886343042124,54.97564925258166,54.97564925258154
0.0007726362625139043,84.78706395718099,1112.1458394015558,1112.1458394015526,52.959325685788386,52.95932568578822
0.0007813125695216907,85.73917898578163,1071.9407609908144,1071.9407609908114,51.04479814241974,51.044798142419594
0.0007899888765294772,86.6912940143823,1033.7355102199413,1033.7355102199388,49.22550048666387,49.22550048666375
0.0007986651835372636,87.64340904298294,997.4031248979969,997.4031248979941,47.49538689990462,47.495386899904474
0.00080734149054505,88.59552407158358,962.8265453614575,962.8265453614551,45.84888311245036,45.84888311245024
0.0008160177975528364,89.54763910018423,929.8977009293342,929.8977009293319,44.280842901396866,44.28084290139675
0.0008246941045606229,90.49975412878489,898.5166935206915,898.516693520689,42.78650921527102,42.78650921527091
0.0008333704115684093,91.45186915738553,868.5910668080508,868.5910668080489,41.36147937181194,41.36147937181185
0.0008420467185761958,92.40398418598619,840.0351508178439,840.0351508178419,40.00167384846876,40.001673848468656
0.0008507230255839822,93.35609921458683,812.7694732055757,812.7694732055741,38.70330824788456,38.70330824788448
0.0008593993325917686,94.30821424318749,786.7202295628125,786.7202295628107,37.46286807441964,37.46286807441955
0.000868075639599555,95.26032927178814,761.8188060841596,761.8188060841582,36.27708600400761,36.27708600400753
0.0008767519466073415,96.2124443003888,738.001348758909,738.0013487589074,35.14292136947186,35.14292136947178
0.0008854282536151279,97.16455932898944,715.2083739741461,715.2083739741445,34.057541617816476,34.0575416178164
0.0008941045606229144,98.1166743575901,693.3844160406686,693.3844160406672,33.01830552574613,33.01830552574606
0.0009027808676307007,99.06878938619074,672.4777076943408,672.4777076943393,32.0227479854448,32.022747985444724
0.0009114571746384872,100.02090441479139,652.4398900954515,652.4398900954502,31.0685661950215,31.06856619502144
0.0009201334816462736,100.97301944339203,633.225749257505,633.2257492575036,30.153607107500243,30.15360710750017
0.0009288097886540601,101.92513447199269,614.7929761931673,614.792976193166,29.27585600919844,29.27585600919838
0.0009374860956618465,102.87724950059334,597.1019483762302,597.1019483762288,28.43342611315382,28.433426113153757
0.000946162402669633,103.829364529194,580.1155303905914,580.1155303905904,27.62454906621864,27.624549066218588
0.0009548387096774193,104.78147955779464,563.7988918757455,563.7988918757444,26.847566279797405,26.847566279797352
0.0009635150166852058,105.7335945863953,548.1193410876435,548.1193410876425,26.1009210041735,26.100921004173447
0.0009721913236929922,106.68570961499594,533.0461725779065,533.0461725779053,25.383151075138407,25.383151075138347
0.0009808676307007788,107.63782464359662,518.5505276565987,518.5505276565976,24.69288226936184,24.69288226936179
0.0009895439377085652,108.58993967219726,504.60526644694534,504.6052664469444,24.028822211759298,24.028822211759255
0.0009982202447163515,109.5420547007979,491.1848504669692,491.1848504669684,23.38975478414139,23.389754784141353
0.001006896551724138,110.49416972939855,478.2652347851927,478.2652347851921,22.774534989771084,22.774534989771052
0.0010155728587319245,111.44628475799921,465.82376889706467,465.823768897064,22.182084233193557,22.182084233193525
0.0010242491657397109,112.39839978659985,453.83910555733587,453.83910555733513,21.611385978920755,21.61138597892072
0.0010329254727474973,113.3505148152005,442.29111688248236,442.29111688248156,21.061481756308684,21.061481756308645
0.0010416017797552836,114.30262984380114,431.1608171077934,431.1608171077927,20.531467481323492,20.53146748132346
0.00105027808676307,115.25474487240179,420.430291446848,420.43029144684715,20.020490068897523,20.020490068897484
0.0010589543937708566,116.20685990100246,410.0826305578228,410.0826305578222,19.527744312277278,19.527744312277246
0.001067630700778643,117.1589749296031,400.10187017214304,400.1018701721424,19.052470008197286,19.052470008197258
0.0010763070077864294,118.11108995820375,390.47293548717886,390.47293548717835,18.59394930891328,18.593949308913253
0.0010849833147942157,119.0632049868044,381.181589966645,381.18158996664465,18.151504284125952,18.151504284125934
0.0010936596218020023,120.01532001540507,372.2143882306066,372.21438823060623,17.724494677647932,17.724494677647915
0.0011023359288097887,120.96743504400571,363.55863275214165,363.5586327521412,17.312315845340077,17.31231584534006
0.001111012235817575,121.91955007260636,355.2023341101371,355.2023341101366,16.91439686238748,16.914396862387456
0.0011196885428253615,122.871665101207,347.1341745779418,347.13417457794134,16.5301987894258,16.53019878942578
0.001128364849833148,123.82378012980766,339.34347485600233,339.3434748560019,16.159213088381062,16.159213088381044
0.0011370411568409344,124.7758951584083,331.8201637836238,331.82016378362346,15.800960180172563,15.800960180172542
0.0011457174638487208,125.72801018700895,324.5547508909871,324.5547508909868,15.454988137666053,15.454988137666035
0.0011543937708565072,126.68012521560959,317.538301677934,317.53830167793365,15.120871508473048,15.120871508473028
0.0011630700778642938,127.63224024421027,310.76241553117467,310.76241553117444,14.798210263389272,14.798210263389258
0.0011717463848720802,128.5843552728109,304.21920621693766,304.21920621693727,14.486628867473222,14.4866288674732
0.0011804226918798665,129.53647030141155,297.9012849120895,297.90128491208924,14.185775472004263,14.185775472004249
0.0011890989988876531,130.48858533001223,291.80174576393574,291.8017457639355,13.895321226854087,13.895321226854069
0.0011977753058954395,131.44070035861287,285.9141539977951,285.91415399779487,13.61495971418072,13.614959714180708
0.0012064516129032259,132.39281538721352,280.2325366226954,280.23253662269514,13.344406505842638,13.344406505842626
0.0012151279199110123,133.34493041581416,274.75137581987394,274.7513758198737,13.083398848565425,13.083398848565414
0.0012238042269187988,134.29704544441483,269.4656051370566,269.4656051370564,12.831695482716981,12.83169548271697
0.0012324805339265852,135.24916047301548,264.37060865474916,264.37060865474893,12.589076602607104,12.589076602607093
0.0012411568409343716,136.20127550161612,259.4622233401996,259.4622233401994,12.355343968580936,12.355343968580922
0.001249833147942158,137.15339053021677,254.7367448617378,254.73674486173758,12.130321183892278,12.130321183892265
0.0012585094549499446,138.1055055588174,250.19093720257217,250.190937202572,11.913854152503436,11.91385415250343
0.001267185761957731,139.05762058741806,245.82204649091264,245.82204649091238,11.705811737662508,11.705811737662493
0.0012758620689655173,140.0097356160187,241.62781955496845,241.62781955496823,11.506086645474687,11.506086645474678
0.0012845383759733037,140.96185064461935,237.60652781993582,237.60652781993565,11.314596562854087,11.314596562854078
0.0012932146829810903,141.91396567322002,233.75699729308832,233.75699729308815,11.131285585385159,11.131285585385148
0.0013018909899888767,142.86608070182066,230.07864553676103,230.07864553676092,10.956125977941003,10.956125977940996
0.001310567296996663,143.8181957304213,226.57152671232618,226.57152671232603,10.789120319634579,10.789120319634574
0.0013192436040044494,144.77031075902195,223.23638599694766,223.23638599694755,10.630304095092747,10.63030409509274
0.0013279199110122358,145.7224257876226,220.07472493542554,220.07472493542537,10.479748806448834,10.479748806448827
0.0013365962180200224,146.67454081622327,217.08887959880389,217.08887959880383,10.337565695181137,10.337565695181135
0.0013452725250278088,147.62665584482392,214.28211378665804,214.282113786658,10.203910180317049,10.203910180317047
0.0013539488320355952,148.57877087342456,211.65872993719134,211.65872993719137,10.078987139866255,10.078987139866255
0.0013626251390433815,149.5308859020252,209.22420090180472,209.22420090180466,9.963057185800226,9.963057185800222
0.0013713014460511681,150.48300093062588,206.98532629587186,206.98532629587183,9.856444109327231,9.85644410932723
0.0013799777530589545,151.43511595922652,204.95041774048465,204.95041774048474,9.759543701927843,9.759543701927845
0.0013886540600667409,152.38723098782717,203.1295179246339,203.12951792463394,9.672834186887327,9.672834186887329
0.0013973303670745273,153.3393460164278,201.5346589692297,201.53465896922972,9.59688852234427,9.596888522344273
0.0014060066740823138,154.29146104502848,200.18016592348636,200.1801659234864,9.53238885349935,9.532388853499354
0.0014146829810901002,155.24357607362913,199.08301112006916,199.08301112006916,9.48014338666996,9.480143386669958
0.0014233592880978866,156.19569110222977,198.26322412494235,198.26322412494244,9.441105910711542,9.441105910711542
0.001432035595105673,157.14780613083042,197.74435941127854,197.74435941127862,9.416398067203739,9.416398067203744
0.0014407119021134596,158.0999211594311,197.5540184626061,197.55401846260622,9.407334212505052,9.40733421250506
0.001449388209121246,159.05203618803174,197.72441283886562,197.72441283886587,9.415448230422172,9.415448230422184
0.0014580645161290323,160.00415121663238,198.2929368146694,198.29293681466967,9.442520800698542,9.442520800698556
0.0014667408231368187,160.95626624523302,199.30268803955815,199.30268803955846,9.490604192359912,9.490604192359926
0.0014754171301446053,161.90838127383367,200.80282603719598,200.80282603719635,9.562039335104568,9.562039335104588
0.0014840934371523917,162.8604963024343,202.84858361297756,202.84858361297793,9.659456362522743,9.659456362522759
0.001492769744160178,163.81261133103496,205.5006385531685,205.50063855316893,9.785744693008022,9.785744693008043
0.0015014460511679644,164.7647263596356,208.823413039976,208.82341303997651,9.943972049522667,9.943972049522692
0.001510122358175751,165.71684138823628,212.88171981122215,212.8817198112228,10.13722475291534,10.137224752915373
0.0015187986651835374,166.66895641683692,217.73509469108478,217.73509469108544,10.36833784243261,10.368337842432638
0.0015274749721913238,167.62107144543756,223.42932148307378,223.4293214830746,10.639491499193989,10.63949149919403
0.0015361512791991102,168.5731864740382,229.98537937580153,229.98537937580244,10.951684732181025,10.951684732181068
0.0015448275862068967,169.52530150263888,237.38770615675264,237.38770615675367,11.304176483654889,11.304176483654937
0.0015535038932146831,170.47741653123953,245.57636604997322,245.5763660499745,11.694112669046344,11.694112669046405
0.0015621802002224695,171.42953155984017,254.45044464351605,254.4504446435174,12.11668784016743,12.116687840167494
0.0015708565072302559,172.38164658844082,263.88987210184644,263.8898721018478,12.56618438580221,12.566184385802277
0.0015795328142380425,173.3337616170415,273.7959887007753,273.7959887007767,13.037904223846443,13.03790422384651
0.0015882091212458288,174.28587664564213,284.13701192711875,284.13701192712045,13.530333901291367,13.530333901291447
0.0015968854282536152,175.23799167424278,294.97129355613737,294.97129355613913,14.046252074101776,14.046252074101861
0.0016055617352614016,176.19010670284342,306.42249066246166,306.4224906624634,14.591547174402937,14.59154717440302
0.001614238042269188,177.14222173144407,318.60119656861076,318.60119656861247,15.171485550886228,15.171485550886306
0.0016229143492769746,178.09433676004474,331.49458243427347,331.49458243427523,15.785456306393975,15.785456306394057
0.001631590656284761,179.04645178864538,344.8625286324973,344.86252863249877,16.42202517297606,16.42202517297613
0.0016402669632925473,179.99856681724603,358.18197751540356,358.1819775154049,17.056284643590647,17.05628464359071
0.0016489432703003337,180.95068184584667,370.67556316267456,370.67556316267576,17.651217293460693,17.65121729346075
0.0016576195773081203,181.90279687444735,381.4422933283181,381.44229332831895,18.16391872991991,18.16391872991995
0.0016662958843159067,182.854911903048,389.66642343015644,389.6664234301569,18.555543972864594,18.555543972864612
0.001674972191323693,183.80702693164864,394.82392774786473,394.823927747865,18.801139416564986,18.801139416565
0.0016836484983314794,184.75914196024928,396.7784967671058,396.7784967671055,18.894214131766944,18.89421413176693
0.001692324805339266,185.71125698884995,395.706479704101,395.70647970410016,18.843165700195286,18.843165700195247
0.0017010011123470524,186.6633720174506,391.89579890593586,391.8957989059347,18.661704709806468,18.661704709806415
0.0017096774193548388,187.61548704605124,385.54657383997494,385.5465738399736,18.359360659046427,18.35936065904636
0.0017183537263626252,188.5676020746519,376.69560913210705,376.6956091321054,17.93788614914795,17.937886149147875
0.0017270300333704117,189.51971710325253,365.30146623193866,365.30146623193684,17.395307915806605,17.395307915806516
0.0017357063403781981,190.47183213185318,351.4228625273767,351.4228625273748,16.734422025113176,16.734422025113084
0.0017443826473859845,191.42394716045382,335.3678006075511,335.367800607549,15.969895267026242,15.969895267026141
0.0017530589543937709,192.37606218905447,317.7199471710852,317.719947171083,15.129521293861202,15.129521293861094
0.0017617352614015575,193.32817721765514,299.23726410919556,299.23726410919346,14.249393529009314,14.249393529009211
0.0017704115684093438,194.28029224625578,280.6934460964336,280.69344609643167,13.366354576020651,13.366354576020557
0.0017790878754171302,195.23240727485643,262.74393686880927,262.7439368688075,12.51161604137187,12.511616041371783
0.0017877641824249166,196.18452230345707,245.85826698734087,245.85826698733928,11.707536523206707,11.707536523206631
0.0017964404894327032,197.13663733205775,230.31530735598466,230.3153073559832,10.96739558838022,10.967395588380153
0.0018051167964404896,198.0887523606584,216.23609964970888,216.23609964970757,10.296957126176613,10.296957126176551
0.001813793103448276,199.04086738925903,203.62915138155546,203.6291513815543,9.696626256264546,9.69662625626449
0.0018224694104560623,199.99298241785968,192.43261461709255,192.4326146170916,9.163457838909169,9.163457838909123
0.001831145717463849,200.94509744646035,182.54700358734408,182.54700358734323,8.692714456540195,8.692714456540152
0.0018398220244716353,201.897212475061,173.8577730136236,173.8577730136229,8.278941572077315,8.278941572077281
0.0018484983314794217,202.84932750366164,166.2495342660148,166.2495342660142,7.916644488857848,7.916644488857818
0.001857174638487208,203.80144253226229,159.61424052199163,159.61424052199118,7.600678120094841,7.600678120094818
0.0018658509454949944,204.75355756086293,153.85538991886511,153.85538991886472,7.326447138993576,7.326447138993557
0.001874527252502781,205.7056725894636,148.88977921969808,148.88977921969777,7.089989486652291,7.089989486652274
0.0018832035595105674,206.65778761806425,144.64785275035527,144.64785275035504,6.887992988112156,6.887992988112144
0.0018918798665183538,207.6099026466649,141.07331252610027,141.07331252610007,6.717776786957155,6.717776786957146
0.0019005561735261401,208.56201767526554,138.12238648799934,138.1223864879992,6.577256499428539,6.5772564994285325
0.0019092324805339267,209.5141327038662,135.76296749507844,135.76296749507839,6.464903214051356,6.464903214051352
0.0019179087875417131,210.46624773246685,133.97370777410367,133.9737077741037,6.379700370195414,6.3797003701954145
0.0019265850945494995,211.4183627610675,132.74305832448675,132.7430583244868,6.32109801545175,6.321098015451753
0.0019352614015572859,212.37047778966814,132.06816441541477,132.06816441541488,6.288960210257846,6.288960210257852
0.0019439377085650725,213.3225928182688,131.95346176179038,131.95346176179058,6.2834981791328754,6.283498179132884
0.0019526140155728588,214.27470784686943,132.40877595943942,132.40877595943977,6.305179807592355,6.305179807592369
0.001961290322580645,215.22682287547008,133.44675274479943,133.44675274479977,6.354607273561877,6.354607273561894
0.0019699666295884314,216.17893790407072,135.0796222938045,135.07962229380496,6.4323629663716435,6.432362966371663
0.001978642936596218,217.1310529326714,137.31573960624263,137.31573960624314,6.53884474315441,6.538844743154435
0.0019873192436040046,218.08316796127204,140.15709722609375,140.15709722609432,6.674147486956846,6.674147486956872
0.001995995550611791,219.03528298987268,143.5998462535425,143.59984625354323,6.838087916835358,6.838087916835391
0.0020046718576195773,219.98739801847333,147.6400027839788,147.64000278397964,7.030476323046608,7.030476323046649
0.0020133481646273637,220.93951304707397,152.28474505297962,152.28474505298053,7.251654526332363,7.2516545263324055
0.00202202447163515,221.89162807567462,157.5655238946794,157.5655238946805,7.503120185460924,7.5031201854609755
0.0020307007786429365,222.84374310427526,163.54453712912982,163.54453712913096,7.7878351013871345,7.787835101387188
0.002039377085650723,223.7958581328759,170.3049716283241,170.30497162832546,8.10976055372972,8.109760553729782
0.0020480533926585096,224.7479731614766,177.9199478236162,177.91994782361763,8.472378467791248,8.472378467791316
0.002056729699666296,225.70008819007725,186.4023744985975,186.4023744985991,8.876303547552261,8.876303547552336
0.0020654060066740824,226.6522032186779,195.6432095210311,195.64320952103287,9.316343310525292,9.316343310525372
0.0020740823136818688,227.60431824727854,205.34865699351485,205.34865699351664,9.77850747588166,9.778507475881742
0.002082758620689655,228.5564332758792,214.99196435990746,214.99196435990933,10.237712588567021,10.23771258856711
0.0020914349276974415,229.50854830447983,223.80491770525097,223.80491770525288,10.65737703358338,10.65737703358347
0.002100111234705228,230.46066333308048,230.84111603525886,230.84111603526068,10.992434096917089,10.992434096917176
0.0021087875417130143,231.41277836168112,235.13178940362542,235.1317894036273,11.196751876363116,11.196751876363205
0.002117463848720801,232.36489339028182,235.912980892198,235.9129808921997,11.233951471057047,11.233951471057129
0.0021261401557285875,233.31700841888247,232.8449684102831,232.84496841028457,11.087855638584909,11.08785563858498
0.002134816462736374,234.2691234474831,226.11926110017185,226.11926110017313,10.767583861912945,10.767583861913007
0.0021434927697441602,235.22123847608376,216.3954091959292,216.39540919593037,10.304543295044247,10.304543295044304
0.0021521690767519466,236.1733535046844,204.60363325073888,204.6036332507399,9.74303015479709,9.743030154797138
0.002160845383759733,237.12546853328504,191.71350437310443,191.7135043731053,9.129214493957353,9.129214493957395
0.0021695216907675193,238.0775835618857,178.55954410094154,178.5595441009423,8.502835433378168,8.502835433378205
0.002178197997775306,239.02969859048636,165.75885635722113,165.7588563572217,7.893278874153388,7.893278874153415
0.0021868743047830925,239.981813619087,153.706007684744,153.70600768474458,7.319333699273525,7.319333699273551
0.002195550611790879,240.93392864768765,142.6109773216898,142.61097732169026,6.790998920080467,6.790998920080488
0.0022042269187986653,241.8860436762883,132.55037521492514,132.55037521492557,6.311922629282149,6.311922629282168
0.0022129032258064517,242.83815870488894,123.514594068322,123.5145940683224,5.881647336586761,5.881647336586781
0.002221579532814238,243.79027373348958,115.44423187856984,115.44423187857025,5.497344375169992,5.4973443751700115
0.0022302558398220244,244.74238876209023,108.25529195991642,108.25529195991678,5.155013902853162,5.155013902853179
0.002238932146829811,245.69450379069087,101.85521417235967,101.85521417235995,4.850248293921889,4.8502482939219025
0.0022476084538375976,246.64661881929158,96.15230201266667,96.15230201266692,4.578681048222222,4.578681048222235
0.002256284760845384,247.59873384789222,91.06076264590887,91.06076264590914,4.336226792662327,4.336226792662339
0.0022649610678531704,248.55084887649286,86.50300686655783,86.50300686655808,4.11919080316942,4.119190803169431
0.0022736373748609567,249.5029639050935,82.41033188665685,82.41033188665703,3.924301518412231,3.924301518412239
0.002282313681868743,250.45507893369415,78.72270975082611,78.72270975082634,3.7487004643250534,3.748700464325064
0.0022909899888765295,251.4071939622948,75.38812626603287,75.38812626603305,3.589910774572994,3.589910774573002
0.002299666295884316,252.35930899089544,72.36173316053625,72.36173316053642,3.4457968171683926,3.4457968171684006
0.0023083426028921022,253.3114240194961,69.60496151874474,69.6049615187449,3.314521977083083,3.31452197708309
0.002317018909899889,254.2635390480968,67.08467467558265,67.08467467558278,3.194508317884888,3.1945083178848943
0.0023256952169076754,255.21565407669743,64.77239747813898,64.77239747813911,3.0843998799113805,3.0843998799113863
0.002334371523915462,256.1677691052981,62.64363526934255,62.64363526934267,2.983030250921074,2.9830302509210793
0.002343047830923248,257.1198841338987,60.677283123467035,60.67728312346715,2.889394434450811,2.889394434450817
0.0023517241379310346,258.07199916249937,58.855119383842876,58.855119383842975,2.8026247325639466,2.8026247325639515
0.002360400444938821,259.0241141911,57.16137472918241,57.161374729182505,2.721970225199162,2.721970225199167
0.0023690767519466073,259.97622921970066,55.58236720407777,55.582367204077855,2.6467793906703694,2.646779390670374
0.0023777530589543937,260.9283442483013,54.10619393019899,54.10619393019908,2.5764854252475713,2.576485425247575
0.0023864293659621805,261.880459276902,52.722471009359516,52.722471009359595,2.5105938575885482,2.5105938575885522
0.002395105672969967,262.83257430550265,51.42211412253145,51.42211412253154,2.4486721010729258,2.44867210107293
0.0024037819799777533,263.7846893341033,50.19715334883625,50.19715334883634,2.3903406356588692,2.3903406356588732
0.0024124582869855396,264.73680436270394,49.040576688546146,49.040576688546224,2.3352655565974354,2.335265556597439
0.002421134593993326,265.6889193913046,47.94619763544782,47.94619763544788,2.283152268354658,2.2831522683546606
0.0024298109010011124,266.6410344199052,46.90854289456648,46.90854289456655,2.233740137836499,2.2337401378365023
0.0024384872080088988,267.59314944850587,45.92275698336356,45.92275698336361,2.186797951588741,2.1867979515887437
0.002447163515016685,268.5452644771065,44.984520997089845,44.9845209970899,2.1421200474804687,2.1421200474804714
0.0024558398220244715,269.49737950570716,44.089983273700255,44.0899832737003,2.0995230130333455,2.0995230130333473
0.0024645161290322583,270.4494945343078,43.2357000727933,43.23570007279334,2.0588428606092046,2.058842860609207
0.0024731924360400447,271.40160956290845,42.41858469794272,42.41858469794277,2.019932604663939,2.0199326046639414
0.002481868743047831,272.3537245915091,41.635863752880276,41.635863752880326,1.9826601787085845,1.9826601787085867
0.0024905450500556175,273.30583962010974,40.88503943825771,40.885039438257756,1.9469066399170336,1.9469066399170356
0.002499221357063404,274.2579546487104,40.163856974826246,40.163856974826274,1.9125646178488687,1.9125646178488702
0.00250789766407119,275.210069677311,39.47027638727552,39.47027638727557,1.879536970822644,1.8795369708226457
0.0025165739710789766,276.16218470591167,38.80244800603923,38.802448006039256,1.847735619335201,1.8477356193352028
0.002525250278086763,277.1142997345123,38.15869114655403,38.15869114655406,1.8170805307882874,1.8170805307882887
0.0025339265850945498,278.066414763113,37.537475510422155,37.53747551042218,1.7874988338296265,1.7874988338296278
0.002542602892102336,279.01852979171366,36.93740492369475,36.93740492369479,1.758924043985464,1.758924043985466
0.0025512791991101225,279.9706448203143,36.35720308654302,36.35720308654305,1.731295385073477,1.7312953850734787
0.002559955506117909,280.92275984891495,35.79570105795442,35.79570105795444,1.7045571932359245,1.7045571932359258
0.0025686318131256953,281.8748748775156,35.25182624044939,35.25182624044942,1.6786583924023522,1.678658392402353
0.0025773081201334817,282.82698990611624,34.72459266453554,34.724592664535564,1.6535520316445496,1.6535520316445507
0.002585984427141268,283.7791049347169,34.21309240182559,34.21309240182562,1.6291948762774093,1.6291948762774102
0.0025946607341490544,284.7312199633175,33.71648796037193,33.71648796037195,1.605547045731997,1.6055470457319974
0.0026033370411568412,285.68333499191823,33.23400553657735,33.23400553657736,1.582571692217969,1.5825716922179693
0.0026120133481646276,286.6354500205189,32.76492901565881,32.764929015658836,1.5602347150313718,1.560234715031373
0.002620689655172414,287.5875650491195,32.30859462759059,32.30859462759061,1.5385045060757423,1.538504506075743
0.0026293659621802004,288.53968007772016,31.864386178165493,31.864386178165507,1.5173517227697855,1.517351722769786
0.0026380422691879867,289.4917951063208,31.431730785645527,31.43173078564555,1.4967490850307392,1.4967490850307406
0.002646718576195773,290.44391013492145,31.010095062724204,31.010095062724233,1.4766711934630574,1.4766711934630588
0.0026553948832035595,291.3960251635221,30.598981691438652,30.598981691438663,1.4570943662589835,1.457094366258984
0.002664071190211346,292.34814019212274,30.197926345457336,30.19792634545735,1.4379964926408257,1.437996492640826
0.0026727474972191327,293.30025522072344,29.806494920001313,29.80649492000133,1.4193569009524436,1.4193569009524443
0.002681423804226919,294.2523702493241,29.42428103467727,29.42428103467729,1.4011562397465367,1.4011562397465376
0.0026901001112347054,295.20448527792473,29.050903778831163,29.050903778831184,1.3833763704205315,1.3833763704205324
0.002698776418242492,296.1566003065254,28.68600567277457,28.686005672774584,1.3660002701321223,1.366000270132123
0.002707452725250278,297.108715335126,28.329250821475515,28.329250821475526,1.3490119438797865,1.3490119438797867
0.0027161290322580646,298.06083036372667,27.98032324011701,27.980323240117016,1.3323963447674767,1.3323963447674771
0.002724805339265851,299.0129453923273,27.638925333369308,27.638925333369322,1.3161393015890146,1.3161393015890153
0.0027334816462736373,299.96506042092795,27.304776512348216,27.304776512348226,1.3002274529689626,1.3002274529689632
0.0027421579532814237,300.9171754495286,26.977611935086674,26.977611935086685,1.2846481873850795,1.2846481873850801
0.0027508342602892105,301.8692904781293,26.65718135796647,26.657181357966472,1.2693895884745938,1.2693895884745938
0.002759510567296997,302.82140550672995,26.343248086975144,26.34324808697515,1.2544403850940542,1.2544403850940549
0.0027681868743047833,303.7735205353306,26.03558801889492,26.035588018894934,1.239789905661663,1.2397899056616635
0.0027768631813125696,304.72563556393123,25.73398876362205,25.733988763622058,1.2254280363629546,1.2254280363629553
0.002785539488320356,305.6777505925319,25.4382488397733,25.43824883977331,1.2113451828463475,1.211345182846348
0.0027942157953281424,306.6298656211325,25.148176936581677,25.148176936581685,1.197532235075318,1.1975322350753184
0.0028028921023359288,307.58198064973317,24.863591235827574,24.863591235827577,1.1839805350394084,1.1839805350394084
0.002811568409343715,308.5340956783338,24.584318788210258,24.58431878821027,1.1706818470576312,1.1706818470576317
0.002820244716351502,309.4862107069345,24.310194939146108,24.31019493914611,1.1576283304355288,1.157628330435529
0.0028289210233592883,310.43832573553516,24.04106279949593,24.04106279949594,1.144812514261711,1.1448125142617116
0.0028375973303670747,311.3904407641358,23.77677275718071,23.776772757180716,1.1322272741514625,1.1322272741514627
0.002846273637374861,312.34255579273645,23.51718202605179,23.517182026051792,1.1198658107643709,1.119865810764371
0.0028549499443826475,313.2946708213371,23.26215422874249,23.262154228742492,1.1077216299401185,1.1077216299401185
0.002863626251390434,314.24678584993774,23.011559010550506,23.01155901055051,1.095788524311929,1.095788524311929
0.00287230255839822,315.1989008785384,22.765271681686713,22.76527168168672,1.0840605562707957,1.0840605562707961
0.0028809788654060066,316.151015907139,22.523172885483273,22.523172885483277,1.0725320421658702,1.0725320421658702
0.0028896551724137934,317.10313093573967,22.28514829038238,22.285148290382384,1.0611975376372562,1.0611975376372564
0.0028983314794215798,318.0552459643403,22.05108830373242,22.05108830373242,1.050051823987258,1.050051823987258
0.002907007786429366,319.00736099294096,21.820887805602098,21.8208878056021,1.039089895504862,1.039089895504862
0.0029156840934371525,319.9594760215416,21.59444590098837,21.59444590098838,1.0283069476661126,1.0283069476661133
0.002924360400444939,320.91159105014225,21.37166568894147,21.37166568894148,1.01769836614007,1.0176983661400705
0.0029330367074527253,321.8637060787429,21.152454047264676,21.152454047264676,1.0072597165364132,1.0072597165364132
0.0029417130144605117,322.81582110734354,20.93672143156539,20.93672143156539,0.996986734836447,0.996986734836447
0.002950389321468298,323.7679361359442,20.724381687543122,20.72438168754313,0.9868753184544343,0.9868753184544345
0.002959065628476085,324.7200511645449,20.51535187549706,20.51535187549707,0.9769215178808124,0.9769215178808128
0.0029677419354838712,325.67216619314553,20.309552106124258,20.30955210612427,0.9671215288630599,0.9671215288630604
0.0029764182424916576,326.6242812217462,20.106905386759095,20.106905386759106,0.9574716850837666,0.9574716850837668
0.002985094549499444,327.5763962503468,19.907337477277064,19.907337477277068,0.9479684512989078,0.9479684512989079
0.0029937708565072304,328.52851127894746,19.71077675495087,19.710776754950878,0.9386084169024225,0.9386084169024227
0.0030024471635150167,329.4806263075481,19.517154087606517,19.517154087606528,0.9293882898860246,0.9293882898860251
0.003011123470522803,330.43274133614875,19.326402714480665,19.32640271448066,0.9203048911657459,0.9203048911657457
0.0030197997775305895,331.3848563647494,19.13845813422943,19.138458134229435,0.9113551492490206,0.9113551492490207
0.003028476084538376,332.33697139335004,18.95325799958343,18.953257999583432,0.9025360952182586,0.9025360952182585
0.0030371523915461627,333.28908642195074,18.770742018184144,18.770742018184148,0.8938448580087688,0.893844858008769
0.003045828698553949,334.2412014505514,18.59085185917383,18.590851859173835,0.8852786599606586,0.8852786599606588
0.0030545050055617354,335.19331647915203,18.413531065144397,18.4135310651444,0.8768348126259236,0.8768348126259237
0.003063181312569522,336.1454315077527,18.23872496908203,18.23872496908203,0.86851071281343,0.86851071281343
0.003071857619577308,337.0975465363533,18.066380615971756,18.066380615971752,0.860303838855798,0.8603038388557978
0.0030805339265850946,338.04966156495396,17.896446688752203,17.896446688752206,0.8522117470834383,0.8522117470834384
0.003089210233592881,339.0017765935546,17.728873438333977,17.72887343833398,0.8442320684920941,0.8442320684920943
0.0030978865406006673,339.95389162215525,17.563612617416943,17.56361261741695,0.8363625055912831,0.8363625055912831
0.003106562847608454,340.90600665075596,17.400617417860932,17.40061741786093,0.8286008294219491,0.8286008294219491
0.0031152391546162405,341.8581216793566,17.239842411382934,17.239842411382938,0.8209448767325207,0.8209448767325207
0.003123915461624027,342.81023670795724,17.081243493369996,17.08124349337,0.8133925473033332,0.8133925473033332
0.0031325917686318133,343.7623517365579,16.92477782961257,16.92477782961257,0.8059418014101224,0.8059418014101222
0.0031412680756395996,344.71446676515853,16.770403805777004,16.770403805777,0.7985906574179525,0.7985906574179524
0.003149944382647386,345.6665817937592,16.6180809794487,16.6180809794487,0.7913371894975572,0.7913371894975569
0.0031586206896551724,346.6186968223598,16.467770034589208,16.467770034589215,0.7841795254566291,0.7841795254566292
0.0031672969966629588,347.57081185096047,16.31943273826193,16.319432738261927,0.7771158446791395,0.7771158446791394
0.0031759733036707456,348.52292687956117,16.17303189949047,16.173031899490475,0.770144376166213,0.7701443761662131
0.003184649610678532,349.4750419081618,16.028531330123755,16.028531330123766,0.7632633966725599,0.7632633966725602
0.0031933259176863183,350.42715693676246,15.885895807589865,15.885895807589867,0.7564712289328508,0.7564712289328508
0.0032020022246941047,351.3792719653631,15.745091039429159,15.745091039429163,0.7497662399728171,0.7497662399728173
0.003210678531701891,352.33138699396375,15.606083629504072,15.606083629504074,0.7431468395001939,0.743146839500194
0.0032193548387096775,353.2835020225644,15.468841045790105,15.468841045790104,0.7366114783709573,0.7366114783709573
0.003228031145717464,354.23561705116504,15.333331589658531,15.333331589658544,0.7301586471265967,0.7301586471265973
0.00323670745272525,355.1877320797657,15.199524366567461,15.199524366567461,0.7237868745984506,0.7237868745984504
0.003245383759733037,356.1398471083664,15.06738925808298,15.06738925808298,0.7174947265753799,0.7174947265753799
0.0032540600667408234,357.091962136967,14.936896895157519,14.936896895157517,0.7112808045313104,0.7112808045313104
0.0032627363737486098,358.04407716556767,14.808018632596582,14.808018632596582,0.7051437444093611,0.7051437444093611
0.003271412680756396,358.9961921941683,14.680726524650105,14.680726524650108,0.6990822154595289,0.699082215459529
0.0032800889877641825,359.94830722276896,14.554993301668041,14.554993301668045,0.6930949191270496,0.6930949191270497
0.003288765294771969,360.9004222513696,14.430792347763822,14.43079234776382,0.6871805879887534,0.6871805879887534
0.0032974416017797553,361.85253727997025,14.308097679432784,14.30809767943279,0.6813379847348945,0.6813379847348947
0.0033061179087875417,362.8046523085709,14.186883925075833,14.186883925075835,0.6755659011940873,0.6755659011940873
0.003314794215795328,363.75676733717154,14.06712630538156,14.067126305381564,0.6698631573991218,0.6698631573991222
0.003323470522803115,364.7088823657722,13.94880061452304,13.948800614523044,0.6642286006915733,0.6642286006915735
0.0033321468298109012,365.6609973943728,13.831883202127887,13.831883202127885,0.6586611048632328,0.6586611048632327
0.0033408231368186876,366.6131124229735,13.716350955982737,13.716350955982737,0.6531595693325113,0.6531595693325112
0.003349499443826474,367.5652274515741,13.602181285435645,13.602181285435645,0.6477229183540782,0.6477229183540782
0.0033581757508342604,368.51734248017476,13.489352105461856,13.489352105461856,0.6423501002600884,0.6423501002600884
0.0033668520578420467,369.4694575087754,13.377841821360509,13.377841821360507,0.6370400867314527,0.6370400867314527
0.003375528364849833,370.42157253737605,13.267629314051653,13.267629314051653,0.6317918720976977,0.6317918720976978
0.0033842046718576195,371.3736875659767,13.158693925944679,13.158693925944682,0.6266044726640323,0.6266044726640325
0.0033928809788654063,372.3258025945774,13.051015447350927,13.051015447350927,0.6214769260643298,0.6214769260643298
0.0034015572858731927,373.27791762317804,12.944574103414805,12.94457410341481,0.6164082906388002,0.6164082906388004
0.003410233592880979,374.2300326517787,12.839350541538884,12.839350541538884,0.6113976448351849,0.6113976448351849
0.0034189098998887654,375.18214768037933,12.73532581928028,12.735325819280288,0.6064440866323942,0.6064440866323946
0.003427586206896552,376.13426270898,12.632481392696457,12.632481392696457,0.6015467329855455,0.6015467329855455
0.003436262513904338,377.0863777375806,12.530799105119849,12.530799105119849,0.5967047192914213,0.5967047192914213
0.0034449388209121246,378.03849276618126,12.430261176341983,12.43026117634198,0.5919171988734276,0.5919171988734276
0.003453615127919911,378.9906077947819,12.330850192188652,12.330850192188656,0.587183342485174,0.5871833424851741
0.0034622914349276977,379.9427228233826,12.232549094468702,12.232549094468705,0.582502337831843,0.582502337831843
0.003470967741935484,380.89483785198325,12.135341171279839,12.13534117127984,0.5778733891085637,0.5778733891085639
0.0034796440489432705,381.8469528805839,12.039210047655967,12.03921004765597,0.5732957165550461,0.5732957165550462
0.003488320355951057,382.79906790918454,11.944139676541045,11.944139676541045,0.568768556025764,0.568768556025764
0.0034969966629588433,383.7511829377852,11.850114330075481,11.850114330075481,0.5642911585750229,0.564291158575023
0.0035056729699666296,384.70329796638583,11.757118591181632,11.75711859118163,0.5598627900562682,0.5598627900562682
0.003514349276974416,385.6554129949865,11.665137345435763,11.665137345435763,0.5554827307350364,0.5554827307350364
0.0035230255839822024,386.6075280235871,11.574155773214347,11.574155773214345,0.5511502749149688,0.5511502749149688
0.0035317018909899888,387.55964305218777,11.484159342103316,11.484159342103315,0.5468647305763483,0.5468647305763483
0.0035403781979977756,388.51175808078847,11.39513379955935,11.395133799559348,0.5426254190266357,0.5426254190266355
0.003549054505005562,389.4638731093891,11.307065165812787,11.307065165812787,0.5384316745625136,0.5384316745625136
0.0035577308120133483,390.41598813798976,11.21993972700241,11.21993972700241,0.5342828441429719,0.5342828441429719
0.0035664071190211347,391.3681031665904,11.133744028532627,11.133744028532629,0.5301782870729822,0.5301782870729823
0.003575083426028921,392.32021819519105,11.048464868644222,11.048464868644226,0.5261173746973439,0.526117374697344
0.0035837597330367075,393.2723332237917,10.96408929219005,10.964089292190048,0.5220994901042881,0.5220994901042879
0.003592436040044494,394.22444825239234,10.880604584607692,10.88060458460769,0.5181240278384615,0.5181240278384615
0.00360111234705228,395.176563280993,10.797998266081297,10.797998266081303,0.5141903936229189,0.5141903936229192
0.003609788654060067,396.1286783095937,10.716258085885267,10.716258085885265,0.5102980040897747,0.5102980040897744
0.0036184649610678534,397.0807933381943,10.6353720169027,10.6353720169027,0.5064462865191761,0.5064462865191761
0.0036271412680756398,398.03290836679497,10.55532825031203,10.555328250312028,0.5026346785862872,0.502634678586287
0.003635817575083426,398.9850233953956,10.476115190435316,10.476115190435316,0.4988626281159674,0.4988626281159674
0.0036444938820912125,399.93713842399626,10.397721449742212,10.397721449742212,0.49512959284486724,0.4951295928448672
0.003653170189098999,400.8892534525969,10.320135844003703,10.320135844003705,0.49143504019065254,0.49143504019065265
0.0036618464961067853,401.84136848119755,10.243347387590074,10.243347387590074,0.4877784470280987,0.4877784470280987
0.0036705228031145717,402.7934835097982,10.167345288907761,10.167345288907761,0.48415929947179814,0.4841592994717981
0.0036791991101223585,403.7455985383989,10.092118945970055,10.092118945970054,0.48057709266524073,0.4805770926652406
0.003687875417130145,404.69771356699954,10.017657942096768,10.017657942096768,0.47703133057603664,0.4770313305760365
0.0036965517241379312,405.6498285956002,9.943952041738132,9.943952041738132,0.47352152579705387,0.4735215257970538
0.0037052280311457176,406.6019436242008,9.87099118641861,9.870991186418612,0.4700471993532672,0.4700471993532672
0.003713904338153504,407.5540586528015,9.798765490796285,9.798765490796285,0.46660788051410884,0.46660788051410884
0.0037225806451612903,408.5061736814021,9.72726523883371,9.72726523883371,0.46320310661112896,0.46320310661112896
0.0037312569521690767,409.45828871000276,9.656480880076408,9.656480880076407,0.4598324228607813,0.4598324228607813
0.003739933259176863,410.4104037386034,9.586403026035171,9.586403026035171,0.456495382192151,0.456495382192151
0.00374860956618465,411.36251876720405,9.517022446668665,9.517022446668665,0.4531915450794603,0.4531915450794602
0.0037572858731924363,412.3146337958047,9.448330066962841,9.44833006696284,0.4499204793791829,0.4499204793791828
0.0037659621802002227,413.26674882440534,9.380316963603818,9.380316963603816,0.4466817601716103,0.44668176017161026
0.003774638487208009,414.218863853006,9.312974361741208,9.312974361741208,0.44347496960672417,0.44347496960672417
0.0037833147942157954,415.17097888160663,9.246293631838704,9.246293631838704,0.440299696754224,0.440299696754224
0.003791991101223582,416.1230939102073,9.180266286609083,9.180266286609083,0.4371555374575754,0.4371555374575754
0.003800667408231368,417.0752089388079,9.114883978030822,9.114883978030822,0.4340420941919439,0.4340420941919438
0.0038093437152391546,418.02732396740856,9.050138494443646,9.050138494443646,0.43095897592588794,0.4309589759258879
0.003818020022246941,418.9794389960092,8.986021757720389,8.98602175772039,0.4279057979866852,0.42790579798668515
0.0038266963292547277,419.9315540246099,8.922525820512746,8.922525820512746,0.4248821819291783,0.42488218192917826
0.003835372636262514,420.88366905321055,8.859642863568489,8.85964286356849,0.42188775540802326,0.4218877554080233
0.0038440489432703005,421.8357840818112,8.797365193117876,8.797365193117876,0.41892215205323224,0.41892215205323213
0.003852725250278087,422.78789911041184,8.73568523832704,8.735685238327042,0.41598501134890664,0.4159850113489067
0.0038614015572858732,423.7400141390125,8.674595548816253,8.674595548816251,0.4130759785150596,0.4130759785150596
0.0038700778642936596,424.69212916761313,8.614088792240995,8.614088792240995,0.41019470439242844,0.41019470439242833
0.003878754171301446,425.6442441962138,8.554157751933957,8.554157751933959,0.40734084533018844,0.40734084533018844
0.0038874304783092324,426.5963592248144,8.494795324605933,8.494795324605933,0.40451406307647303,0.404514063076473
0.003896106785317019,427.5484742534151,8.435994518103925,8.435994518103927,0.40171402467161554,0.40171402467161554
0.0039047830923248056,428.50058928201577,8.377748449224693,8.377748449224693,0.39894040234403305,0.39894040234403294
0.0039134593993325915,429.45270431061635,8.32005034158195,8.32005034158195,0.39619287340866427,0.39619287340866427
0.003922135706340378,430.404819339217,8.262893523525712,8.262893523525713,0.393471120167891,0.39347112016789104
0.003930812013348164,431.35693436781764,8.206271426112195,8.206271426112194,0.39077482981486644,0.39077482981486633
0.003939488320355951,432.3090493964183,8.150177581122689,8.150177581122689,0.3881036943391757,0.38810369433917563
0.003948164627363737,433.26116442501893,8.094605619130062,8.094605619130062,0.3854574104347649,0.38545741043476484
0.003956840934371523,434.2132794536196,8.039549267611388,8.039549267611388,0.38283567941006613,0.3828356794100661
0.003965517241379311,435.16539448222034,7.985002349105397,7.985002349105397,0.380238207100257,0.380238207100257
0.003974193548387097,436.117509510821,7.93095877941348,7.930958779413479,0.3776647037815943,0.37766470378159417
0.003982869855394883,437.0696245394216,7.877412565842866,7.877412565842867,0.3751148840877555,0.3751148840877556
0.00399154616240267,438.02173956802227,7.824357805490925,7.824357805490926,0.3725884669281393,0.3725884669281393
0.004000222469410456,438.9738545966229,7.771788683569223,7.771788683569223,0.37008517540805824,0.37008517540805824
0.0040088987764182425,439.92596962522356,7.719699471766415,7.7196994717664165,0.36760473675078165,0.36760473675078176
0.004017575083426029,440.8780846538242,7.66808452664867,7.66808452664867,0.3651468822213652,0.3651468822213652
0.004026251390433815,441.83019968242485,7.616938288096732,7.61693828809673,0.3627113470522253,0.36271134705222524
0.004034927697441602,442.7823147110255,7.56625527777849,7.56625527777849,0.3602978703704043,0.3602978703704043
0.004043604004449388,443.73442973962614,7.516030097656153,7.516030097656152,0.35790619512648353,0.3579061951264835
0.004052280311457174,444.6865447682268,7.466257428526973,7.466257428526974,0.35553606802509397,0.35553606802509397
0.004060956618464961,445.6386597968274,7.416932028596696,7.416932028596696,0.35318723945698555,0.3531872394569855
0.004069632925472747,446.59077482542807,7.368048732084774,7.368048732084774,0.35085946343260827,0.35085946343260827
0.0040783092324805335,447.5428898540287,7.319602447860529,7.319602447860529,0.34855249751716805,0.34855249751716805
0.00408698553948832,448.49500488262936,7.271588158109381,7.271588158109381,0.3462661027671134,0.3462661027671134
0.004095661846496106,449.44711991123,7.224000917028365,7.2240009170283646,0.3440000436680174,0.3440000436680174
0.004104338153503893,450.39923493983065,7.176835849550131,7.17683584955013,0.3417540880738158,0.3417540880738157
0.004113014460511679,451.3513499684313,7.130088150094739,7.130088150094739,0.3395280071473685,0.3395280071473685
0.004121690767519465,452.30346499703194,7.083753081348365,7.083753081348364,0.33732157530230306,0.33732157530230306
0.004130367074527252,453.2555800256326,7.037825973068411,7.037825973068411,0.3351345701461148,0.3351345701461148
0.004139043381535038,454.2076950542332,6.99230222091412,6.9923022209141195,0.3329667724244819,0.3329667724244819
0.004147719688542825,455.159810082834,6.947177285302219,6.947177285302219,0.3308179659667723,0.3308179659667724
0.004156395995550612,456.11192511143463,6.9024466902868085,6.9024466902868085,0.3286879376327052,0.32868793763270515
0.004165072302558398,457.0640401400353,6.858106022462936,6.858106022462936,0.32657647726013983,0.32657647726013983
0.0041737486095661845,458.0161551686359,6.814150929893225,6.814150929893224,0.32448337761396306,0.32448337761396306
0.004182424916573971,458.96827019723656,6.77057712105699,6.77057712105699,0.32240843433604716,0.32240843433604716
0.004191101223581757,459.9203852258372,6.72738036382127,6.72738036382127,0.320351445896251,0.320351445896251
0.004199777530589544,460.87250025443785,6.68455648443318,6.68455648443318,0.3183122135444371,0.3183122135444371
0.00420845383759733,461.8246152830385,6.642101366533103,6.642101366533105,0.31629054126348105,0.31629054126348116
0.004217130144605116,462.77673031163914,6.6000109501881985,6.600010950188198,0.31428623572324754,0.31428623572324754
0.004225806451612903,463.7288453402398,6.558281230945649,6.558281230945648,0.31229910623550705,0.31229910623550705
0.004234482758620689,464.68096036884043,6.516908258905273,6.516908258905273,0.3103289647097749,0.3103289647097749
0.0042431590656284756,465.6330753974411,6.475888137810923,6.475888137810923,0.30837562561004395,0.30837562561004395
0.004251835372636262,466.5851904260417,6.435217024160261,6.43521702416026,0.30643890591239337,0.30643890591239337
0.004260511679644048,467.53730545464236,6.394891126332462,6.394891126332462,0.3045186250634506,0.3045186250634505
0.004269187986651835,468.489420483243,6.354906703733413,6.354906703733413,0.3026146049396863,0.3026146049396863
0.004277864293659621,469.44153551184365,6.315260065957924,6.315260065957924,0.30072666980752016,0.30072666980752016
0.004286540600667408,470.39365054044436,6.275947571968665,6.275947571968664,0.2988546462842221,0.2988546462842221
0.004295216907675195,471.345765569045,6.236965629291312,6.236965629291312,0.2969983632995863,0.2969983632995863
0.004303893214682981,472.29788059764564,6.198310693225548,6.198310693225547,0.2951576520583594,0.2951576520583594
0.0043125695216907674,473.2499956262463,6.1599792660716055,6.1599792660716055,0.2933323460034098,0.2933323460034098
0.004321245828698554,474.20211065484693,6.1219678963718955,6.121967896371895,0.29152228077961406,0.29152228077961406
0.00432992213570634,475.1542256834476,6.084273178167416,6.084273178167416,0.28972729419844845,0.28972729419844834
0.004338598442714127,476.1063407120482,6.04689175026861,6.0468917502686095,0.2879472262032671,0.2879472262032671
0.004347274749721913,477.05845574064887,6.0098202955402735,6.009820295540274,0.2861819188352511,0.2861819188352511
0.004355951056729699,478.0105707692495,5.97305554020027,5.973055540200269,0.2844312162000129,0.28443121620001277
0.004364627363737486,478.96268579785016,5.9365942531316565,5.9365942531316565,0.28269496443484077,0.28269496443484077
0.004373303670745272,479.9148008264508,5.900433245207979,5.900433245207979,0.2809730116765704,0.2809730116765704
0.0043819799777530585,480.86691585505145,5.864569368631379,5.864569368631379,0.27926520803006566,0.27926520803006566
0.004390656284760845,481.8190308836521,5.828999516283267,5.828999516283268,0.2775714055372984,0.2775714055372985
0.004399332591768631,482.77114591225273,5.793720621087248,5.793720621087247,0.27589145814701177,0.27589145814701177
0.004408008898776418,483.7232609408534,5.758729655384024,5.758729655384023,0.2742252216849535,0.2742252216849535
0.004416685205784204,484.675375969454,5.724023630318037,5.724023630318036,0.2725725538246684,0.2725725538246684
0.00442536151279199,485.62749099805467,5.689599595235539,5.6895995952355385,0.2709333140588352,0.2709333140588352
0.004434037819799778,486.5796060266554,5.655454637093872,5.655454637093872,0.2693073636711367,0.2693073636711367
0.004442714126807564,487.53172105525607,5.621585879881718,5.621585879881717,0.26769456570865324,0.26769456570865324
0.00445139043381535,488.4838360838567,5.587990484050013,5.587990484050013,0.2660947849547625,0.2660947849547625
0.004460066740823137,489.43595111245736,5.554665645953372,5.554665645953371,0.2645078879025415,0.2645078879025415
0.004468743047830923,490.388066141058,5.521608597301743,5.521608597301742,0.2629337427286544,0.2629337427286544
0.0044774193548387095,491.34018116965865,5.488816604622086,5.488816604622086,0.26137221926771836,0.26137221926771836
0.004486095661846496,492.2922961982593,5.4562869687298505,5.45628696872985,0.2598231889871357,0.2598231889871357
0.004494771968854282,493.24441122685994,5.424017024210036,5.424017024210035,0.25828652496238264,0.25828652496238264
0.004503448275862069,494.1965262554606,5.3920041389076525,5.3920041389076525,0.25676210185274534,0.25676210185274534
0.004512124582869855,495.1486412840612,5.360245713427357,5.360245713427357,0.2552497958774932,0.2552497958774932
0.004520800889877641,496.1007563126619,5.3287391806420565,5.328739180642057,0.2537494847924789,0.25374948479247894
0.004529477196885428,497.0528713412625,5.29748200521034,5.297482005210339,0.252261047867159,0.252261047867159
0.004538153503893214,498.00498636986316,5.266471683102486,5.266471683102486,0.25078436586202313,0.25078436586202313
0.0045468298109010005,498.9571013984638,5.235705741134915,5.235705741134915,0.24931932100642448,0.2493193210064245
0.004555506117908787,499.90921642706445,5.205181736512883,5.205181736512883,0.24786579697680397,0.24786579697680391
0.004564182424916573,500.8613314556651,5.174897256381245,5.174897256381245,0.24642367887529737,0.24642367887529737
0.0045728587319243605,501.81344648426585,5.144849917383141,5.14484991738314,0.24499285320872094,0.24499285320872094
0.004581535038932147,502.7655615128665,5.115037365226402,5.115037365226402,0.24357320786792389,0.24357320786792386
0.004590211345939933,503.71767654146714,5.085457274257558,5.085457274257557,0.24216463210750275,0.24216463210750272
0.00459888765294772,504.6697915700678,5.056107347043254,5.056107347043254,0.24076701652586918,0.24076701652586918
0.004607563959955506,505.62190659866843,5.026985313958944,5.026985313958943,0.23938025304566396,0.23938025304566396
0.004616240266963292,506.5740216272691,4.998088932784713,4.998088932784713,0.2380042348945101,0.23800423489451009
0.004624916573971079,507.5261366558697,4.96941598830806,4.96941598830806,0.2366388565860981,0.23663885658609807
0.004633592880978865,508.47825168447037,4.940964291933548,4.940964291933547,0.2352840139015975,0.23528401390159745
0.0046422691879866515,509.430366713071,4.912731681299093,4.912731681299093,0.23393960387138538,0.23393960387138535
0.004650945494994438,510.38248174167165,4.884716019898881,4.88471601989888,0.23260552475708957,0.2326055247570895
0.004659621802002224,511.3345967702723,4.8569151967126665,4.8569151967126665,0.2312816760339365,0.23128167603393646
0.004668298109010011,512.286711798873,4.829327125841383,4.829327125841383,0.22996795837339917,0.22996795837339917
0.004676974416017797,513.2388268274735,4.801949746148934,4.801949746148933,0.22866427362613972,0.22866427362613967
0.004685650723025583,514.1909418560742,4.774781020910027,4.7747810209100265,0.2273705248052394,0.22737052480523934
0.00469432703003337,515.1430568846748,4.747818937463935,4.747818937463935,0.2260866160697112,0.22608661606971114
0.004703003337041156,516.0951719132755,4.721061506874084,4.721061506874084,0.2248124527082897,0.22481245270828967
0.0047116796440489425,517.0472869418761,4.694506763593319,4.694506763593319,0.22354794112349138,0.22354794112349136
0.00472035595105673,517.9994019704769,4.668152765134768,4.668152765134767,0.22229298881594134,0.22229298881594128
0.004729032258064516,518.9515169990775,4.641997591748199,4.641997591748199,0.2210475043689618,0.2210475043689618
0.0047377085650723025,519.9036320276782,4.616039346101688,4.616039346101688,0.21981139743341377,0.21981139743341374
0.004746384872080089,520.8557470562788,4.5902761529686344,4.5902761529686344,0.21858457871279213,0.2185845787127921
0.004755061179087875,521.8078620848795,4.564706158919868,4.564706158919868,0.21736695994856514,0.21736695994856509
0.004763737486095662,522.7599771134801,4.539327532020859,4.539327532020858,0.21615845390575517,0.2161584539057551
0.004772413793103448,523.7120921420808,4.5141384615338715,4.514138461533871,0.21495897435875577,0.21495897435875572
0.004781090100111234,524.6642071706814,4.489137157625013,4.489137157625013,0.2137684360773816,0.21376843607738158
0.004789766407119021,525.6163221992821,4.464321851076029,4.464321851076029,0.21258675481314424,0.2125867548131442
0.004798442714126807,526.5684372278827,4.4396907930008025,4.4396907930008025,0.21141384728575252,0.2114138472857525
0.0048071190211345935,527.5205522564834,4.415242254566447,4.415242254566447,0.2102496311698308,0.2102496311698308
0.00481579532814238,528.472667285084,4.390974526718907,4.390974526718907,0.2090940250818527,0.20909402508185265
0.004824471635150166,529.4247823136847,4.366885919912975,4.366885919912974,0.20794694856728452,0.2079469485672845
0.004833147942157953,530.3768973422852,4.342974763846663,4.342974763846663,0.20680832208793637,0.2068083220879363
0.004841824249165739,531.329012370886,4.319239407199831,4.31923940719983,0.20567806700951574,0.20567806700951569
0.004850500556173525,532.2811273994865,4.29567821737697,4.29567821737697,0.20455610558937953,0.20455610558937948
0.004859176863181313,533.2332424280874,4.272289580254124,4.272289580254124,0.2034423609644821,0.2034423609644821
0.004867853170189099,534.1853574566879,4.2490718999298105,4.2490718999298105,0.20233675713951477,0.20233675713951474
0.004876529477196885,535.1374724852886,4.226023598479896,4.226023598479896,0.20123921897523317,0.20123921897523314
0.004885205784204672,536.0895875138892,4.203143115716354,4.203143115716353,0.20014967217696922,0.20014967217696922
0.004893882091212458,537.0417025424899,4.1804289089498194,4.1804289089498194,0.19906804328332472,0.19906804328332472
0.0049025583982202445,537.9938175710905,4.157879452755896,4.157879452755896,0.1979942596550427,0.19799425965504264
0.004911234705228031,538.9459325996912,4.1354932387451075,4.135493238745107,0.19692824946405274,0.1969282494640527
0.004919911012235817,539.8980476282918,4.113268775336455,4.113268775336456,0.19586994168268834,0.19586994168268834
0.004928587319243604,540.8501626568925,4.091204587534531,4.091204587534531,0.19481926607307287,0.19481926607307284
0.00493726362625139,541.8022776854931,4.06929921671007,4.0692992167100694,0.19377615317667002,0.19377615317666996
0.004945939933259176,542.7543927140938,4.047551220383926,4.047551220383926,0.19274053430399646,0.19274053430399646
0.004954616240266963,543.7065077426944,4.025959172014393,4.025959172014393,0.19171234152449496,0.1917123415244949
0.004963292547274749,544.6586227712951,4.004521660787811,4.004521660787811,0.1906915076565624,0.1906915076565624
0.0049719688542825356,545.6107377998957,3.983237291412382,3.9832372914123817,0.18967796625773248,0.18967796625773245
0.004980645161290322,546.5628528284964,3.962104683915192,3.9621046839151917,0.18867165161500915,0.1886716516150091
0.004989321468298108,547.514967857097,3.941122473442296,3.941122473442296,0.18767249873534741,0.18767249873534741
0.004997997775305895,548.4670828856977,3.920289310061909,3.9202893100619085,0.18668044333628137,0.18668044333628137
0.005006674082313682,549.4191979142984,3.899603858570546,3.899603858570546,0.1856954218366927,0.18569542183669266
0.005015350389321468,550.371312942899,3.8790647983021778,3.8790647983021778,0.18471737134772276,0.18471737134772276
0.005024026696329255,551.3234279714997,3.858670822940206,3.858670822940207,0.18374622966381932,0.18374622966381937
0.005032703003337041,552.2755430001002,3.838420640332348,3.838420640332348,0.18278193525392133,0.18278193525392133
0.0050413793103448274,553.227658028701,3.8183129723082856,3.818312972308285,0.1818244272527755,0.1818244272527755
0.005050055617352614,554.1797730573015,3.798346554500067,3.7983465545000676,0.18087364545238416,0.18087364545238416
0.0050587319243604,555.1318880859022,3.7785201361652145,3.778520136165214,0.17992953029358164,0.17992953029358164
0.005067408231368187,556.0840031145028,3.758832480012469,3.758832480012469,0.17899202285773663,0.1789920228577366
0.005076084538375973,557.0361181431035,3.739282362030154,3.7392823620301536,0.17806106485857875,0.17806106485857875
0.005084760845383759,557.9882331717041,3.719868571317101,3.719868571317101,0.17713659863414766,0.17713659863414766
0.005093437152391546,558.9403482003048,3.700589909916074,3.700589909916074,0.17621856713886067,0.17621856713886067
0.005102113459399332,559.8924632289054,3.681445192649691,3.681445192649691,0.17530691393569955,0.17530691393569955
0.0051107897664071185,560.8445782575061,3.662433246958754,3.662433246958754,0.1744015831885121,0.1744015831885121
0.005119466073414905,561.7966932861067,3.6435529127429844,3.643552912742984,0.1735025196544278,0.1735025196544278
0.005128142380422691,562.7488083147074,3.6248030422040953,3.6248030422040953,0.1726096686763855,0.17260966867638544
0.005136818687430478,563.700923343308,3.60618249969118,3.6061824996911795,0.17172297617577048,0.17172297617577045
0.005145494994438265,564.6530383719088,3.5876901615483545,3.5876901615483545,0.17084238864515977,0.17084238864515972
0.005154171301446051,565.6051534005094,3.5693249159646636,3.569324915964663,0.16996785314117444,0.16996785314117444
0.005162847608453838,566.5572684291101,3.5510856628261274,3.551085662826127,0.16909931727743463,0.16909931727743463
0.005171523915461624,567.5093834577107,3.532971313569996,3.5329713135699956,0.16823672921761884,0.16823672921761884
0.00518020022246941,568.4614984863114,3.5149807910410855,3.514980791041085,0.16738003766862314,0.16738003766862308
0.005188876529477197,569.413613514912,3.497113029350218,3.497113029350218,0.1665291918738199,0.1665291918738199
0.005197552836484983,570.3657285435127,3.479366973734704,3.479366973734704,0.16568414160641448,0.16568414160641448
0.0052062291434927695,571.3178435721132,3.4617415804208314,3.4617415804208314,0.16484483716289672,0.16484483716289675
0.005214905450500556,572.269958600714,3.444235816488359,3.4442358164883586,0.16401122935658852,0.16401122935658852
0.005223581757508342,573.2220736293145,3.4268486597369248,3.4268486597369248,0.16318326951128212,0.16318326951128212
0.005232258064516129,574.1741886579152,3.409579098554396,3.4095790985543957,0.16236090945497123,0.16236090945497123
0.005240934371523915,575.1263036865158,3.392426131787093,3.3924261317870927,0.1615441015136711,0.1615441015136711
0.005249610678531701,576.0784187151165,3.375388768611864,3.375388768611864,0.16073279850532685,0.16073279850532685
0.005258286985539488,577.0305337437171,3.358466028409988,3.358466028409988,0.15992695373380894,0.15992695373380894
0.005266963292547274,577.9826487723178,3.341656940642869,3.341656940642869,0.15912652098299376,0.15912652098299376
0.0052756395995550605,578.9347638009184,3.3249605447294823,3.324960544729482,0.15833145451092773,0.15833145451092773
0.005284315906562847,579.8868788295191,3.3083758899255717,3.3083758899255717,0.15754170904407483,0.15754170904407483
0.005292992213570634,580.8389938581198,3.2919020352045476,3.291902035204547,0.1567572397716451,0.1567572397716451
0.0053016685205784205,581.7911088867205,3.275538049140051,3.2755380491400516,0.15597800234000245,0.15597800234000245
0.005310344827586207,582.7432239153211,3.2592830097901855,3.259283009790185,0.15520395284715166,0.15520395284715166
0.005319021134593993,583.6953389439218,3.243136004583362,3.243136004583362,0.15443504783730294,0.15443504783730294
0.00532769744160178,584.6474539725224,3.2270961302057453,3.2270961302057453,0.15367124429551168,0.15367124429551168
0.005336373748609566,585.5995690011231,3.211162492490277,3.211162492490277,0.15291249964239412,0.15291249964239412
0.005345050055617352,586.5516840297237,3.195334206307235,3.195334206307235,0.15215877172891595,0.15215877172891595
0.005353726362625139,587.5037990583244,3.17961039545633,3.17961039545633,0.1514100188312538,0.1514100188312538
0.005362402669632925,588.455914086925,3.1639901925602807,3.1639901925602802,0.15066619964572764,0.15066619964572764
0.0053710789766407115,589.4080291155257,3.1484727389598834,3.148472738959883,0.14992727328380395,0.14992727328380395
0.005379755283648498,590.3601441441263,3.1330571846105126,3.133057184610512,0.14919319926716726,0.14919319926716726
0.005388431590656284,591.312259172727,3.117742687980068,3.117742687980068,0.14846393752286036,0.14846393752286036
0.005397107897664071,592.2643742013275,3.102528415948308,3.1025284159483077,0.14773944837849085,0.14773944837849085
0.005405784204671857,593.2164892299282,3.087413543707581,3.0874135437075805,0.14701969255750383,0.14701969255750383
0.005414460511679643,594.1686042585288,3.0723972546649057,3.0723972546649057,0.1463046311745193,0.1463046311745193
0.00542313681868743,595.1207192871295,3.057478740345398,3.057478740345399,0.14559422573073322,0.14559422573073327
0.005431813125695217,596.0728343157302,3.0426572002970147,3.0426572002970143,0.14488843810938162,0.14488843810938162
0.005440489432703003,597.0249493443308,3.027931841996593,3.027931841996593,0.14418723057126637,0.1441872305712663
0.00544916573971079,597.9770643729315,3.013301880757168,3.013301880757168,0.14349056575034136,0.1434905657503413
0.005457842046718576,598.9291794015321,2.9987665396365437,2.9987665396365433,0.14279840664935922,0.14279840664935922
0.0054665183537263625,599.8812944301328,2.9843250493471176,2.9843250493471176,0.14211071663557703,0.14211071663557703
0.005475194660734149,600.8334094587334,2.969976648166895,2.9699766481668948,0.1414274594365188,0.1414274594365188
0.005483870967741935,601.7855244873341,2.9557205818517387,2.9557205818517387,0.14074859913579707,0.14074859913579707
0.005492547274749722,602.7376395159347,2.9415561035487614,2.941556103548761,0.14007410016898864,0.14007410016898864
0.005501223581757508,603.6897545445354,2.9274824737109215,2.9274824737109215,0.1394039273195677,0.1394039273195677
0.005509899888765294,604.641869573136,2.9134989600127237,2.9134989600127237,0.1387380457148916,0.1387380457148916
0.005518576195773081,605.5939846017367,2.899604837267079,2.899604837267079,0.13807642082224184,0.13807642082224184
0.005527252502780867,606.5460996303373,2.8857993873432557,2.8857993873432553,0.13741901844491694,0.13741901844491689
0.0055359288097886535,607.498214658938,2.8720818990859334,2.8720818990859334,0.1367658047183778,0.13676580471837774
0.00554460511679644,608.4503296875386,2.8584516682353285,2.8584516682353276,0.13611674610644423,0.13611674610644414
0.005553281423804226,609.4024447161393,2.844907997348378,2.844907997348376,0.13547180939754183,0.13547180939754172
0.005561957730812013,610.3545597447398,2.8314501957209766,2.831450195720975,0.13483096170099887,0.13483096170099879
0.005570634037819799,611.3066747733405,2.8180775793112254,2.8180775793112236,0.13419417044339169,0.1341941704433916
0.005579310344827586,612.2587898019412,2.804789470663717,2.8047894706637155,0.13356140336493888,0.13356140336493882
0.005587986651835373,613.210904830542,2.79158519883479,2.7915851988347886,0.13293262851594237,0.1329326285159423
0.005596662958843159,614.1630198591425,2.778464099318789,2.7784640993187875,0.13230781425327565,0.1323078142532756
0.005605339265850945,615.1151348877432,2.7654255139752757,2.7654255139752744,0.13168692923691788,0.13168692923691783
0.005614015572858732,616.0672499163438,2.752468790957205,2.7524687909572036,0.13106994242653355,0.13106994242653347
0.005622691879866518,617.0193649449445,2.7395932846400326,2.7395932846400313,0.1304568230780968,0.13045682307809672
0.0056313681868743045,617.9714799735451,2.7267983555517405,2.726798355551739,0.1298475407405591,0.12984754074055901
0.005640044493882091,618.9235950021458,2.7140833703038005,2.7140833703038,0.12924206525256193,0.1292420652525619
0.005648720800889877,619.8757100307464,2.7014477015229947,2.7014477015229934,0.12864036673919022,0.12864036673919016
0.005657397107897664,620.8278250593471,2.688890727784155,2.6888907277841536,0.12804241560876928,0.12804241560876922
0.00566607341490545,621.7799400879477,2.676411833543755,2.676411833543753,0.1274481825497026,0.12744818254970253
0.005674749721913236,622.7320551165484,2.6640104090743595,2.664010409074358,0.12685763852735044,0.12685763852735038
0.005683426028921023,623.684170145149,2.6516858503999314,2.6516858503999297,0.12627075478094912,0.12627075478094904
0.005692102335928809,624.6362851737497,2.63943755923196,2.639437559231958,0.1256875028205695,0.12568750282056942
0.0057007786429365956,625.5884002023503,2.627264942906411,2.62726494290641,0.12510785442411482,0.12510785442411476
0.005709454949944382,626.540515230951,2.615167414321495,2.6151674143214936,0.12453178163435691,0.12453178163435683
0.005718131256952169,627.4926302595517,2.6031443918762096,2.603144391876208,0.12395925675600997,0.12395925675600988
0.0057268075639599555,628.4447452881524,2.5911952994097054,2.5911952994097045,0.12339025235284312,0.12339025235284307
0.005735483870967742,629.396860316753,2.5793195661413755,2.5793195661413737,0.12282474124482741,0.12282474124482731
0.005744160177975528,630.3489753453537,2.5675166266117504,2.56751662661175,0.12226269650532146,0.12226269650532141
0.005752836484983315,631.3010903739543,2.5557859206241247,2.5557859206241234,0.12170409145829165,0.12170409145829159
0.005761512791991101,632.253205402555,2.544126893186921,2.54412689318692,0.12114889967556766,0.12114889967556762
0.005770189098998887,633.2053204311555,2.5325389944567904,2.532538994456789,0.12059709497413287,0.1205970949741328
0.005778865406006674,634.1574354597562,2.5210216796824345,2.521021679682433,0.12004865141344925,0.12004865141344921
0.00578754171301446,635.1095504883568,2.5095744091491277,2.5095744091491263,0.1195035432928156,0.11950354329281553
0.0057962180200222466,636.0616655169575,2.498196648123941,2.49819664812394,0.1189617451487591,0.11896174514875904
0.005804894327030033,637.0137805455581,2.4868878668016587,2.486887866801658,0.11842323175245995,0.11842323175245989
0.005813570634037819,637.9658955741588,2.475647540251364,2.475647540251363,0.11788797810720782,0.11788797810720775
0.005822246941045606,638.9180106027594,2.4644751483637117,2.4644751483637104,0.11735595944589103,0.11735595944589096
0.005830923248053392,639.8701256313601,2.4533701757988267,2.453370175798825,0.11682715122851553,0.11682715122851547
0.0058395995550611784,640.8222406599607,2.4423321119348937,2.442332111934893,0.11630152913975686,0.11630152913975679
0.005848275862068965,641.7743556885614,2.4313604508173574,2.431360450817356,0.11577906908654084,0.11577906908654076
0.005856952169076751,642.726470717162,2.4204546911087634,2.4204546911087625,0.1152597471956554,0.11525974719565535
0.0058656284760845384,643.6785857457627,2.409614336039223,2.409614336039222,0.11474353981139157,0.11474353981139152
0.005874304783092325,644.6307007743634,2.398838893357495,2.3988388933574942,0.11423042349321408,0.114230423493214
0.005882981090100111,645.582815802964,2.3881278752826622,2.3881278752826613,0.1137203750134601,0.11372037501346005
0.005891657397107898,646.5349308315647,2.3774807984564084,2.377480798456407,0.11321337135506707,0.113213371355067
0.005900333704115684,647.4870458601653,2.3668971838958957,2.3668971838958943,0.11270938970932834,0.11270938970932828
0.00590901001112347,648.439160888766,2.3563765569472013,2.3563765569472,0.11220840747367625,0.11220840747367618
0.005917686318131257,649.3912759173666,2.34591844723934,2.3459184472393386,0.11171040224949237,0.1117104022494923
0.005926362625139043,650.3433909459673,2.3355223886388505,2.335522388638849,0.11121535183994526,0.11121535183994519
0.0059350389321468295,651.2955059745678,2.3251879192049234,2.3251879192049225,0.11072323424785349,0.11072323424785344
0.005943715239154616,652.2476210031685,2.314914581145099,2.314914581145098,0.11023402767357615,0.11023402767357608
0.005952391546162402,653.1997360317691,2.3047019207714845,2.3047019207714836,0.10974771051292784,0.10974771051292777
0.005961067853170189,654.1518510603698,2.294549488457518,2.2945494884575175,0.10926426135511991,0.10926426135511988
0.005969744160177975,655.1039660889704,2.284456838595257,2.284456838595255,0.10878365898072652,0.10878365898072645
0.005978420467185761,656.0560811175711,2.2744235295531703,2.274423529553169,0.10830588235967478,0.10830588235967471
0.005987096774193548,657.0081961461717,2.264449123634469,2.264449123634468,0.10783091064926043,0.10783091064926037
0.005995773081201334,657.9603111747724,2.2545331870359084,2.254533187035908,0.10735872319218612,0.10735872319218609
0.006004449388209121,658.9124262033731,2.244675289807117,2.244675289807117,0.10688929951462464,0.10688929951462459
0.006013125695216908,659.8645412319738,2.234875005810396,2.234875005810394,0.10642261932430455,0.10642261932430448
0.006021802002224694,660.8166562605744,2.2251319126810065,2.225131912681005,0.10595866250861935,0.10595866250861928
0.0060304783092324805,661.7687712891751,2.2154455917879425,2.2154455917879416,0.10549740913275918,0.10549740913275912
0.006039154616240267,662.7208863177757,2.205815628195165,2.2058156281951637,0.10503883943786499,0.10503883943786493
0.006047830923248053,663.6730013463764,2.1962416106233023,2.1962416106233014,0.10458293383920486,0.1045829338392048
0.00605650723025584,664.625116374977,2.1867231314118065,2.1867231314118056,0.10412967292437175,0.10412967292437168
0.006065183537263626,665.5772314035777,2.177259786481568,2.1772597864815673,0.10367903745150325,0.1036790374515032
0.006073859844271412,666.5293464321783,2.167851175297972,2.1678511752979706,0.10323100834752247,0.10323100834752241
0.006082536151279199,667.481461460779,2.1584969008343844,2.1584969008343835,0.10278556670639927,0.10278556670639921
0.006091212458286985,668.4335764893796,2.1491965695360897,2.149196569536089,0.10234269378743284,0.1023426937874328
0.0060998887652947715,669.3856915179803,2.1399497912846406,2.1399497912846397,0.10190237101355432,0.10190237101355426
0.006108565072302558,670.3378065465809,2.130756179362637,2.1307561793626357,0.10146457996964939,0.1014645799696493
0.006117241379310344,671.2899215751816,2.1216153504189217,2.1216153504189212,0.10102930240090102,0.101029302400901
0.006125917686318131,672.2420366037821,2.112526924434179,2.112526924434178,0.10059652021115137,0.10059652021115131
0.006134593993325917,673.1941516323828,2.1034905246869493,2.1034905246869484,0.10016621546128329,0.10016621546128324
0.006143270300333703,674.1462666609834,2.094505777720032,2.0945057777200313,0.0997383703676206,0.09973837036762054
0.006151946607341491,675.0983816895842,2.085572313307291,2.0855723133072903,0.0993129673003472,0.09931296730034714
0.006160622914349277,676.0504967181848,2.076689764420851,2.0766897644208497,0.09888998878194527,0.09888998878194522
0.006169299221357063,677.0026117467855,2.06785776719866,2.0678577671986584,0.09846941748565047,0.0984694174856504
0.00617797552836485,677.9547267753861,2.0590759609124545,2.0590759609124536,0.0980512362339264,0.09805123623392636
0.006186651835372636,678.9068418039868,2.050343987936084,2.050343987936083,0.09763542799695638,0.09763542799695632
0.0061953281423804225,679.8589568325874,2.041661493714206,2.041661493714205,0.09722197589115267,0.09722197589115261
0.006204004449388209,680.8110718611881,2.0330281267313453,2.033028126731345,0.09681086317768313,0.09681086317768309
0.006212680756395995,681.7631868897887,2.0244435384813184,2.024443538481317,0.09640207326101516,0.0964020732610151
0.006221357063403782,682.7153019183894,2.015907383436997,2.015907383436997,0.09599558968747605,0.09599558968747603
0.006230033370411568,683.66741694699,2.007419319020443,2.0074193190204426,0.09559139614383061,0.09559139614383058
0.006238709677419354,684.6195319755907,1.9989790055733663,1.9989790055733652,0.09518947645587458,0.09518947645587451
0.006247385984427141,685.5716470041913,1.990586106327938,1.990586106327937,0.09478981458704466,0.09478981458704462
0.006256062291434927,686.523762032792,1.9822402873779363,1.9822402873779352,0.09439239463704459,0.09439239463704452
0.0062647385984427135,687.4758770613926,1.9739412176502174,1.9739412176502165,0.09399720084048654,0.09399720084048649
0.0062734149054505,688.4279920899933,1.965688568876524,1.9656885688765229,0.09360421756554876,0.09360421756554871
0.006282091212458286,689.3801071185939,1.9574820155656094,1.9574820155656085,0.09321342931264806,0.09321342931264802
0.0062907675194660735,690.3322221471946,1.9493212349756823,1.9493212349756817,0.09282482071312773,0.0928248207131277
0.00629944382647386,691.2843371757953,1.9412059070871703,1.9412059070871694,0.09243837652796048,0.09243837652796044
0.006308120133481646,692.2364522043958,1.9331357145757848,1.9331357145757844,0.09205408164646595,0.09205408164646592
0.006316796440489433,693.1885672329965,1.9251103427859033,1.9251103427859029,0.091671921085043,0.09167192108504299
0.006325472747497219,694.1406822615971,1.9171294797042453,1.9171294797042444,0.09129187998591645,0.0912918799859164
0.006334149054505005,695.0927972901978,1.9091928159338554,1.909192815933855,0.09091394361589789,0.09091394361589786
0.006342825361512792,696.0449123187984,1.9013000446683725,1.901300044668372,0.09053809736516061,0.09053809736516058
0.006351501668520578,696.9970273473991,1.8934508616665964,1.893450861666596,0.0901643267460284,0.09016432674602838
0.0063601779755283645,697.9491423759997,1.8856449652273395,1.8856449652273384,0.08979261739177806,0.08979261739177802
0.006368854282536151,698.9012574046004,1.877882056164562,1.8778820561645615,0.08942295505545532,0.0894229550554553
0.006377530589543937,699.853372433201,1.870161837782787,1.8701618377827862,0.08905532560870413,0.0890553256087041
0.006386206896551724,700.8054874618017,1.8624840158527947,1.862484015852794,0.08868971504060927,0.08868971504060921
0.00639488320355951,701.7576024904023,1.8548482985875847,1.8548482985875843,0.08832610945655166,0.08832610945655162
0.006403559510567296,702.709717519003,1.8472543966186112,1.8472543966186106,0.08796449507707672,0.0879644950770767
0.006412235817575083,703.6618325476036,1.8397020229722847,1.8397020229722842,0.08760485823677545,0.08760485823677544
0.006420912124582869,704.6139475762043,1.8321908930467345,1.832190893046734,0.08724718538317786,0.08724718538317781
0.0064295884315906555,705.5660626048049,1.8247207245888282,1.8247207245888277,0.0868914630756585,0.08689146307565845
0.006438264738598443,706.5181776334057,1.8172912376714554,1.8172912376714545,0.08653767798435501,0.08653767798435498
0.006446941045606229,707.4702926620063,1.8099021546710534,1.8099021546710528,0.08618581688909778,0.08618581688909774
0.0064556173526140155,708.422407690607,1.8025532002453946,1.8025532002453937,0.08583586667835212,0.08583586667835208
0.006464293659621802,709.3745227192076,1.795244101311607,1.795244101311606,0.08548781434817175,0.08548781434817171
0.006472969966629588,710.3266377478083,1.7879745870244474,1.7879745870244463,0.08514164700116417,0.08514164700116411
0.006481646273637375,711.2787527764089,1.780744388754813,1.7807443887548127,0.08479735184546727,0.08479735184546726
0.006490322580645161,712.2308678050096,1.7735532400684906,1.7735532400684897,0.08445491619373764,0.0844549161937376
0.006498998887652947,713.1829828336101,1.7664008767051365,1.7664008767051358,0.08411432746214935,0.08411432746214931
0.006507675194660734,714.1350978622108,1.759287036557491,1.7592870365574904,0.08377557316940433,0.0837755731694043
0.00651635150166852,715.0872128908114,1.7522114596508245,1.7522114596508245,0.08343864093575355,0.08343864093575354
0.0065250278086763066,716.0393279194121,1.7451738881225989,1.7451738881225987,0.08310351848202852,0.0831035184820285
0.006533704115684093,716.9914429480127,1.738174066202364,1.7381740662023635,0.08277019362868399,0.08277019362868397
0.006542380422691879,717.9435579766134,1.7312117401918665,1.731211740191866,0.08243865429485078,0.08243865429485076
0.006551056729699666,718.895673005214,1.7242866584453793,1.7242866584453784,0.08210888849739902,0.08210888849739897
0.006559733036707452,719.8477880338147,1.7173985713502424,1.7173985713502415,0.08178088435001155,0.0817808843500115
0.0065684093437152384,720.7999030624153,1.7105472313076189,1.7105472313076184,0.08145463006226757,0.08145463006226755
0.006577085650723026,721.7520180910161,1.7037323927134596,1.7037323927134584,0.08113011393873616,0.08113011393873612
0.006585761957730812,722.7041331196167,1.6969538119396779,1.6969538119396774,0.0808073243780799,0.08080732437807989
0.0065944382647385984,723.6562481482174,1.6902112473155166,1.6902112473155162,0.08048624987216746,0.08048624987216743
0.006603114571746385,724.608363176818,1.6835044591091322,1.6835044591091317,0.08016687900519678,0.08016687900519676
0.006611790878754171,725.5604782054187,1.6768332095093696,1.6768332095093692,0.07984920045282715,0.0798492004528271
0.006620467185761958,726.5125932340193,1.6701972626077335,1.6701972626077324,0.07953320298132063,0.07953320298132058
0.006629143492769744,727.46470826262,1.6635963843805592,1.6635963843805581,0.07921887544669329,0.07921887544669323
0.00663781979977753,728.4168232912206,1.657030342671367,1.6570303426713662,0.07890620679387461,0.07890620679387458
0.006646496106785317,729.3689383198213,1.6504989071734202,1.6504989071734195,0.07859518605587715,0.07859518605587712
0.006655172413793103,730.3210533484219,1.6440018494124522,1.6440018494124518,0.07828580235297392,0.07828580235297389
0.0066638487208008895,731.2731683770226,1.6375389427295968,1.6375389427295963,0.07797804489188555,0.07797804489188553
0.006672525027808676,732.2252834056231,1.6311099622644862,1.6311099622644858,0.07767190296497553,0.07767190296497552
0.006681201334816462,733.1773984342238,1.624714684938541,1.62471468493854,0.07736736594945434,0.07736736594945429
0.006689877641824249,734.1295134628244,1.6183528894384311,1.6183528894384305,0.07706442330659195,0.07706442330659193
0.006698553948832035,735.0816284914251,1.6120243561997185,1.612024356199718,0.07676306458093897,0.07676306458093896
0.006707230255839821,736.0337435200257,1.6057288673906702,1.6057288673906691,0.07646327939955572,0.07646327939955568
0.006715906562847608,736.9858585486264,1.5994662068962424,1.5994662068962424,0.07616505747124964,0.07616505747124963
0.006724582869855395,737.9379735772271,1.5932361603022422,1.5932361603022418,0.07586838858582105,0.07586838858582104
0.006733259176863181,738.8900886058277,1.587038514879647,1.5870385148796466,0.07557326261331652,0.07557326261331651
0.006741935483870968,739.8422036344284,1.5808730595690972,1.5808730595690967,0.07527966950329033,0.07527966950329032
0.006750611790878754,740.794318663029,1.5747395849655477,1.5747395849655472,0.0749875992840737,0.07498759928407367
0.0067592880978865405,741.7464336916297,1.56863788330309,1.5686378833030892,0.0746970420620519,0.07469704206205187
0.006767964404894327,742.6985487202303,1.5625677484399207,1.5625677484399203,0.0744079880209486,0.07440798802094858
0.006776640711902113,743.650663748831,1.5565289758434822,1.5565289758434817,0.07412042742111821,0.07412042742111817
0.0067853170189099,744.6027787774316,1.5505213625757492,1.5505213625757488,0.0738343505988452,0.07383435059884517
0.006793993325917686,745.5548938060323,1.5445447072786767,1.5445447072786762,0.07354974796565127,0.07354974796565125
0.006802669632925472,746.5070088346329,1.5385988101597958,1.5385988101597954,0.07326661000760934,0.0732666100076093
0.006811345939933259,747.4591238632336,1.5326834729779617,1.5326834729779615,0.07298492728466485,0.07298492728466482
0.006820022246941045,748.4112388918342,1.5267984990292525,1.5267984990292516,0.07270469042996441,0.07270469042996437
0.0068286985539488315,749.3633539204349,1.5209436931330138,1.5209436931330131,0.07242589014919112,0.0724258901491911
0.006837374860956618,750.3154689490354,1.5151188616180455,1.515118861618045,0.07214851721990692,0.0721485172199069
0.006846051167964404,751.2675839776361,1.50932381230894,1.5093238123089394,0.0718725624909019,0.07187256249090188
0.006854727474972191,752.2196990062367,1.5035583545125544,1.5035583545125537,0.07159801688155021,0.07159801688155018
0.006863403781979977,753.1718140348374,1.4978222990046293,1.4978222990046286,0.07132487138117281,0.07132487138117277
0.006872080088987764,754.1239290634381,1.4921154580165408,1.4921154580165399,0.0710531170484067,0.07105311704840667
0.006880756395995551,755.0760440920388,1.4864376452221966,1.486437645222196,0.07078274501058078,0.07078274501058075
0.006889432703003337,756.0281591206394,1.4807886757250577,1.4807886757250572,0.07051374646309798,0.07051374646309796
0.006898109010011123,756.9802741492401,1.4751683660453063,1.475168366045306,0.0702461126688241,0.07024611266882409
0.00690678531701891,757.9323891778407,1.4695765341071332,1.4695765341071327,0.06997983495748253,0.06997983495748251
0.006915461624026696,758.8845042064414,1.464012999226168,1.464012999226167,0.06971490472505561,0.06971490472505558
0.0069241379310344825,759.836619235042,1.4584775820970295,1.4584775820970288,0.06945131343319189,0.06945131343319184
0.006932814238042269,760.7887342636427,1.452970104781007,1.4529701047810064,0.06918905260861938,0.06918905260861935
0.006941490545050055,761.7408492922433,1.4474903906938725,1.447490390693872,0.06892811384256536,0.06892811384256534
0.006950166852057842,762.692964320844,1.4420382645938077,1.4420382645938072,0.06866848879018131,0.0686684887901813
0.006958843159065628,763.6450793494446,1.436613552569464,1.4366135525694637,0.06841016916997447,0.06841016916997444
0.006967519466073414,764.5971943780453,1.4312160820281394,1.4312160820281388,0.06815314676324473,0.06815314676324469
0.006976195773081201,765.5493094066459,1.4258456816840763,1.425845681684076,0.06789741341352744,0.06789741341352744
0.006984872080088987,766.5014244352466,1.4205021815468817,1.4205021815468812,0.06764296102604198,0.06764296102604196
0.0069935483870967735,767.4535394638472,1.4151854129100605,1.4151854129100596,0.06738978156714573,0.0673897815671457
0.00700222469410456,768.4056544924479,1.4098952083396674,1.409895208339667,0.06713786706379368,0.06713786706379367
0.007010901001112347,769.3577695210486,1.4046314016630768,1.4046314016630763,0.06688720960300365,0.06688720960300364
0.0070195773081201335,770.3098845496493,1.3993938279578608,1.3993938279578604,0.06663780133132671,0.06663780133132668
0.00702825361512792,771.2619995782499,1.3941823235407846,1.3941823235407842,0.06638963445432308,0.06638963445432305
0.007036929922135706,772.2141146068506,1.388996725956909,1.3889967259569085,0.06614270123604328,0.06614270123604327
0.007045606229143493,773.1662296354511,1.3838368739688056,1.383836873968805,0.06589699399851455,0.06589699399851452
0.007054282536151279,774.1183446640518,1.3787026075458817,1.3787026075458813,0.06565250512123247,0.06565250512123244
0.007062958843159065,775.0704596926524,1.3735937678538082,1.3735937678538077,0.06540922704065753,0.0654092270406575
0.007071635150166852,776.0225747212531,1.3685101972440574,1.3685101972440572,0.06516715224971703,0.065167152249717
0.007080311457174638,776.9746897498537,1.3634517392435475,1.3634517392435468,0.06492627329731178,0.06492627329731174
0.0070889877641824245,777.9268047784544,1.3584182385443822,1.3584182385443817,0.06468658278782771,0.0646865827878277
0.007097664071190211,778.878919807055,1.3534095409937046,1.3534095409937041,0.0644480733806526,0.06444807338065256
0.007106340378197997,779.8310348356557,1.348425493583643,1.3484254935836426,0.06421073778969728,0.06421073778969727
0.007115016685205784,780.7831498642563,1.3434659444413635,1.343465944441363,0.06397456878292207,0.06397456878292204
0.00712369299221357,781.735264892857,1.3385307428192181,1.3385307428192177,0.06373955918186752,0.06373955918186751
0.007132369299221356,782.6873799214576,1.3336197390849909,1.3336197390849902,0.06350570186119003,0.06350570186119
0.007141045606229143,783.6394949500583,1.328732784712244,1.3287327847122437,0.0632729897482021,0.06327298974820206
0.007149721913236929,784.5916099786589,1.3238697322707569,1.3238697322707567,0.06304141582241699,0.06304141582241699
0.007158398220244716,785.5437250072596,1.3190304354170608,1.3190304354170608,0.06281097311509815,0.06281097311509812
0.007167074527252503,786.4958400358603,1.3142147488850686,1.3142147488850682,0.06258165470881279,0.06258165470881277
0.007175750834260289,787.4479550644609,1.3094225284767946,1.3094225284767944,0.06235345373699022,0.06235345373699021
0.0071844271412680755,788.4000700930616,1.304653631053168,1.3046536310531676,0.06212636338348419,0.06212636338348418
0.007193103448275862,789.3521851216622,1.2999079145249377,1.2999079145249375,0.061900376882139896,0.06190037688213988
0.007201779755283648,790.3043001502629,1.295185237843664,1.2951852378436635,0.06167548751636495,0.061675487516364924
0.007210456062291435,791.2564151788634,1.2904854609928,1.2904854609927998,0.06145168861870476,0.061451688618704745
0.007219132369299221,792.2085302074642,1.285808444978863,1.2858084449788623,0.06122897357042205,0.061228973570422014
0.007227808676307007,793.1606452360647,1.2811540518226887,1.2811540518226883,0.061007335801080406,0.061007335801080385
0.007236484983314794,794.1127602646654,1.2765221445507753,1.2765221445507748,0.060786768788132155,0.06078676878813212
0.00724516129032258,795.064875293266,1.2719125871867067,1.2719125871867065,0.060567266056509854,0.06056726605650984
0.0072538375973303666,796.0169903218667,1.2673252447426677,1.2673252447426675,0.060348821178222274,0.06034882117822226
0.007262513904338153,796.9691053504673,1.2627599832110312,1.2627599832110308,0.06013142777195386,0.06013142777195384
0.007271190211345939,797.921220379068,1.2582166695560384,1.2582166695560377,0.0599150795026685,0.059915079502668465
0.007279866518353726,798.8733354076686,1.2536951717055536,1.2536951717055533,0.05969977008121684,0.059699770081216824
0.007288542825361512,799.8254504362693,1.249195358542899,1.2491953585428988,0.05948549326394757,0.05948549326394755
0.007297219132369299,800.77756546487,1.2447170998987738,1.2447170998987735,0.05927224285232256,0.05927224285232255
0.007305895439377086,801.7296804934707,1.2402602665432467,1.2402602665432465,0.059060012692535566,0.05906001269253555
0.007314571746384872,802.6817955220713,1.2358247301778267,1.235824730177826,0.058848796675134596,0.058848796675134575
0.0073232480533926584,803.633910550672,1.231410363427611,1.2314103634276106,0.05863858873464815,0.05863858873464812
0.007331924360400445,804.5860255792726,1.2270170398335136,1.2270170398335134,0.058429382849214936,0.05842938284921493
0.007340600667408231,805.5381406078733,1.2226446338445616,1.2226446338445611,0.05822117304021722,0.0582211730402172
0.0073492769744160176,806.4902556364739,1.2182930208102687,1.2182930208102685,0.05801395337191756,0.058013953371917545
0.007357953281423804,807.4423706650746,1.2139620769730834,1.2139620769730834,0.05780771795109922,0.0578077179510992
0.00736662958843159,808.3944856936752,1.209651679460909,1.2096516794609085,0.05760246092670995,0.057602460926709925
0.007375305895439377,809.3466007222759,1.2053617062796915,1.2053617062796915,0.05739817648950912,0.05739817648950911
0.007383982202447163,810.2987157508765,1.201092036306089,1.2010920363060886,0.05719485887171852,0.0571948588717185
0.0073926585094549494,811.2508307794772,1.1968425492801993,1.1968425492801988,0.05699250234667616,0.056992502346676126
0.007401334816462736,812.2029458080777,1.192613125798364,1.1926131257983639,0.056791101228493526,0.056791101228493505
0.007410011123470522,813.1550608366784,1.1884036473060395,1.1884036473060393,0.05659064987171617,0.05659064987171616
0.007418687430478309,814.107175865279,1.1842139960907359,1.1842139960907354,0.056391142670987424,0.0563911426709874
0.007427363737486095,815.0592908938797,1.1800440552750258,1.1800440552750253,0.05619257406071551,0.05619257406071548
0.007436040044493881,816.0114059224803,1.175893708809614,1.1758937088096137,0.05599493851474352,0.05599493851474351
0.007444716351501669,816.9635209510811,1.171762841466479,1.171762841466479,0.0557982305460228,0.0557982305460228
0.007453392658509455,817.9156359796817,1.1676513388320768,1.1676513388320764,0.055602444706289375,0.05560244470628934
0.007462068965517241,818.8677510082824,1.1635590873006079,1.1635590873006079,0.05540757558574323,0.05540757558574322
0.007470745272525028,819.819866036883,1.1594859740673522,1.1594859740673518,0.055213617812731056,0.05521361781273103
0.007479421579532814,820.7719810654837,1.1554318871220617,1.1554318871220617,0.055020566053431516,0.05502056605343151
0.0074880978865406005,821.7240960940843,1.1513967152424225,1.151396715242422,0.054828415011543924,0.0548284150115439
0.007496774193548387,822.676211122685,1.147380347987568,1.1473803479875675,0.05463715942797942,0.054637159427979407
0.007505450500556173,823.6283261512856,1.143382675691666,1.1433826756916656,0.05444679408055553,0.0544467940805555
0.00751412680756396,824.5804411798863,1.1394035894575565,1.1394035894575563,0.05425731378369317,0.054257313783693153
0.007522803114571746,825.5325562084869,1.1354429811504536,1.1354429811504532,0.05406871338811684,0.05406871338811681
0.007531479421579532,826.4846712370876,1.1315007433917041,1.1315007433917035,0.05388098778055733,0.053880987780557305
0.007540155728587319,827.4367862656882,1.127576769552608,1.1275767695526078,0.05369413188345752,0.0536941318834575
0.007548832035595105,828.3889012942889,1.1236709537482956,1.1236709537482952,0.053508140654680736,0.05350814065468073
0.0075575083426028915,829.3410163228895,1.1197831908316578,1.1197831908316576,0.053323009087221804,0.0533230090872218
0.007566184649610678,830.2931313514902,1.1159133763873417,1.1159133763873412,0.05313873220892103,0.053138732208921
0.007574860956618464,831.2452463800907,1.1120614067257906,1.1120614067257903,0.0529553050821805,0.052955305082180486
0.0075835372636262515,832.1973614086914,1.1082271788773523,1.1082271788773523,0.05277272280368345,0.05277272280368344
0.007592213570634038,833.1494764372922,1.104410590586435,1.1044105905864348,0.05259098050411595,0.05259098050411593
0.007600889877641824,834.1015914658927,1.1006115403057146,1.100611540305714,0.05241007334789117,0.052410073347891134
0.007609566184649611,835.0537064944934,1.096829927190404,1.0968299271904036,0.05222999653287638,0.052229996532876355
0.007618242491657397,836.005821523094,1.0930656510925703,1.09306565109257,0.052050745290122394,0.05205074529012238
0.007626918798665183,836.9579365516947,1.0893186125555054,1.089318612555505,0.051872314883595505,0.05187231488359546
0.00763559510567297,837.9100515802953,1.0855887128081494,1.085588712808149,0.051694700609911874,0.05169470060991185
0.007644271412680756,838.862166608896,1.0818758537595645,1.0818758537595639,0.051517897798074495,0.05151789779807446
0.0076529477196885425,839.8142816374966,1.0781799379934625,1.0781799379934618,0.0513419018092125,0.05134190180921247
0.007661624026696329,840.7663966660973,1.074500868762779,1.0745008687627784,0.05116670803632281,0.051166708036322776
0.007670300333704115,841.7185116946979,1.0708385499843014,1.070838549984301,0.05099231190401435,0.05099231190401432
0.007678976640711902,842.6706267232986,1.0671928862333415,1.0671928862333415,0.05081870886825436,0.05081870886825435
0.007687652947719688,843.6227417518992,1.0635637827384645,1.0635637827384645,0.05064589441611736,0.05064589441611736
0.007696329254727474,844.5748567804999,1.0599511453762573,1.0599511453762571,0.05047386406553606,0.05047386406553605
0.007705005561735261,845.5269718091005,1.0563548806661525,1.0563548806661522,0.050302613365054885,0.05030261336505487
0.007713681868743047,846.4790868377012,1.0527748957652947,1.0527748957652945,0.050132137893585456,0.05013213789358544
0.0077223581757508335,847.4312018663018,1.0492110984634575,1.0492110984634573,0.04996243326016464,0.049962433260164626
0.007731034482758621,848.3833168949026,1.045663397178003,1.0456633971780025,0.049793495103714426,0.049793495103714405
0.007739710789766407,849.3354319235032,1.0421317009488915,1.0421317009488913,0.04962531909280436,0.049625319092804335
0.0077483870967741935,850.2875469521039,1.0386159194337337,1.0386159194337334,0.049457900925415896,0.04945790092541588
0.00775706340378198,851.2396619807045,1.0351159629028885,1.0351159629028879,0.04929123632870898,0.04929123632870895
0.007765739710789766,852.1917770093052,1.031631742234605,1.0316317422346049,0.04912532105879072,0.0491253210587907
0.007774416017797553,853.1438920379057,1.0281631689102126,1.0281631689102122,0.04896015090048632,0.0489601509004863
0.007783092324805339,854.0960070665064,1.0247101550093476,1.0247101550093471,0.04879572166711178,0.04879572166711176
0.007791768631813125,855.048122095107,1.0212726132052274,1.0212726132052274,0.048632029200248936,0.04863202920024892
0.007800444938820912,856.0002371237077,1.0178504567599707,1.0178504567599704,0.048469069369522416,0.0484690693695224
0.007809121245828698,856.9523521523083,1.0144435995199514,1.0144435995199512,0.048306838072378636,0.04830683807237862
0.007817797552836485,857.904467180909,1.0110519559112023,1.011051955911202,0.04814533123386678,0.04814533123386676
0.007826473859844271,858.8565822095096,1.007675440934856,1.0076754409348556,0.04798454480642171,0.0479845448064217
0.007835150166852057,859.8086972381103,1.0043139701626291,1.0043139701626291,0.04782447476964901,0.047824474769649
0.007843826473859844,860.7608122667109,1.0009674597323441,1.0009674597323441,0.04766511713011162,0.04766511713011162
0.00785250278086763,861.7129272953116,0.9976358263434966,0.9976358263434966,0.047506467921118886,0.047506467921118886
0.007861179087875416,862.6650423239122,0.9943189872528548,0.9943189872528547,0.047348523202516896,0.04734852320251688
0.007869855394883205,863.617157352513,0.991016860270107,0.991016860270107,0.04719127906048129,0.04719127906048128
0.007878531701890991,864.5692723811137,0.9877293637535417,0.9877293637535416,0.04703473160731151,0.0470347316073115
0.007887208008898777,865.5213874097143,0.9844564166057703,0.9844564166057702,0.046878876981227155,0.046878876981227155
0.007895884315906564,866.473502438315,0.9811979382694828,0.9811979382694827,0.04672371134616585,0.04672371134616584
0.00790456062291435,867.4256174669156,0.9779538487232471,0.977953848723247,0.04656923089158319,0.04656923089158319
0.007913236929922136,868.3777324955163,0.9747240684773437,0.9747240684773437,0.04641543183225447,0.04641543183225447
0.007921913236929923,869.3298475241169,0.9715085185696375,0.9715085185696375,0.046262310408077975,0.046262310408077975
0.00793058954393771,870.2819625527176,0.9683071205614839,0.9683071205614839,0.04610986288388019,0.04610986288388018
0.007939265850945496,871.2340775813182,0.9651197965336747,0.9651197965336746,0.04595808554922261,0.0459580855492226
0.007947942157953282,872.1861926099189,0.9619464690824191,0.961946469082419,0.045806974718210436,0.04580697471821042
0.007956618464961068,873.1383076385194,0.9587870613153612,0.9587870613153611,0.04565652672930291,0.04565652672930291
0.007965294771968855,874.0904226671202,0.955641496847626,0.9556414968476259,0.045506737945125046,0.045506737945125046
0.007973971078976641,875.0425376957207,0.9525096997979123,0.9525096997979122,0.04535760475228154,0.04535760475228154
0.007982647385984427,875.9946527243214,0.9493915947846097,0.9493915947846094,0.04520912356117189,0.045209123561171884
0.007991323692992214,876.946767752922,0.9462871069219545,0.9462871069219543,0.045061290805807355,0.04506129080580735
0.008,877.8988827815227,0.9431961618162192,0.9431961618162192,0.04491410294362949,0.04491410294362949
